,KeyFecha,Filial,Litros,Venta,Estado,KeyEstado,KeyAM,Temperatura
0,2017-01,ALAMO,136123.0,1120651.0,VEZ,29,201701,20.7
1,2017-01,ALDAMA,51862.0,440557.0,CHI,7,201701,11.7
2,2017-01,ALLENDE,94917.0,776635.0,NL,18,201701,16.8
3,2017-01,CALPULALPAN,67137.0,522378.0,TLX,28,201701,12.5
4,2017-01,CD. VICTORIA,87200.0,715542.0,TMS,27,201701,20.3
5,2017-01,Cd Valles,64211.0,542080.0,SLP,23,201701,19.2
6,2017-01,GALEANA,50090.0,429899.0,NL,18,201701,16.8
7,2017-01,JIMENEZ,61043.0,499651.0,TMS,27,201701,20.3
8,2017-01,LINARES,156445.0,1281933.0,NL,18,201701,16.8
9,2017-01,MATEHUALA,147223.0,1263553.0,SLP,23,201701,19.2
10,2017-01,MONCLOVA,87578.0,755148.0,COA,4,201701,16.3
11,2017-01,MONTEMORELOS,84835.0,704601.0,NL,18,201701,16.8
12,2017-01,POZA RICA,108248.0,913515.0,VEZ,29,201701,20.7
13,2017-01,REYNOSA,318009.0,2501815.0,TMS,27,201701,20.3
14,2017-01,RIO VERDE,96018.0,841161.0,SLP,23,201701,19.2
15,2017-01,SALINASVICTORIA,140457.0,1158858.0,NL,18,201701,16.8
16,2017-01,SALTILLO,70078.0,605456.0,COA,4,201701,16.3
17,2017-01,SAN FERNANDO,19480.0,152146.0,TMS,27,201701,20.3
18,2017-01,SAN LUIS POTOSI,50882.0,431163.0,SLP,23,201701,19.2
19,2017-01,SAN NICOLAS,480295.0,3963636.0,NL,18,201701,16.8
20,2017-01,SAN RAFAEL,26015.0,224898.0,NL,18,201701,16.8
21,2017-01,SANTA CATARINA,111078.0,912384.0,NL,18,201701,16.8
22,2017-01,SOTO LA MARINA,28228.0,232096.0,TMS,27,201701,20.3
23,2017-01,TAMPICO,272620.0,2313711.0,TMS,27,201701,20.3
24,2017-02,ALAMO,115749.0,986664.0,VEZ,29,201702,22.0
25,2017-02,ALDAMA,44975.0,394947.0,CHI,7,201702,13.9
26,2017-02,ALLENDE,83434.0,708390.0,NL,18,201702,20.4
27,2017-02,CALPULALPAN,61056.0,482866.0,TLX,28,201702,13.5
28,2017-02,CD. VICTORIA,86543.0,735161.0,TMS,27,201702,23.2
29,2017-02,Cd Valles,60223.0,519902.0,SLP,23,201702,21.9
30,2017-02,GALEANA,45767.0,404541.0,NL,18,201702,20.4
31,2017-02,JIMENEZ,57096.0,474038.0,TMS,27,201702,23.2
32,2017-02,LINARES,142197.0,1192453.0,NL,18,201702,20.4
33,2017-02,MATEHUALA,135837.0,1190564.0,SLP,23,201702,21.9
34,2017-02,MONCLOVA,73283.0,689220.0,COA,4,201702,18.6
35,2017-02,MONTEMORELOS,74185.0,634327.0,NL,18,201702,20.4
36,2017-02,POZA RICA,104103.0,899588.0,VEZ,29,201702,22.0
37,2017-02,REYNOSA,289476.0,2380356.0,TMS,27,201702,23.2
38,2017-02,RIO VERDE,85126.0,751802.0,SLP,23,201702,21.9
39,2017-02,SALINASVICTORIA,124868.0,1065898.0,NL,18,201702,20.4
40,2017-02,SALTILLO,55812.0,493035.0,COA,4,201702,18.6
41,2017-02,SAN FERNANDO,18857.0,150206.0,TMS,27,201702,23.2
42,2017-02,SAN LUIS POTOSI,46152.0,397771.0,SLP,23,201702,21.9
43,2017-02,SAN NICOLAS,420047.0,3583295.0,NL,18,201702,20.4
44,2017-02,SAN RAFAEL,22913.0,202490.0,NL,18,201702,20.4
45,2017-02,SANTA CATARINA,96150.0,815489.0,NL,18,201702,20.4
46,2017-02,SOTO LA MARINA,26543.0,223212.0,TMS,27,201702,23.2
47,2017-02,TAMPICO,233840.0,2046706.0,TMS,27,201702,23.2
48,2017-03,ALAMO,131159.0,1110760.0,VEZ,29,201703,22.4
49,2017-03,ALDAMA,50050.0,456109.0,CHI,7,201703,17.6
50,2017-03,ALLENDE,93423.0,788305.0,NL,18,201703,22.0
51,2017-03,CALPULALPAN,79291.0,611726.0,TLX,28,201703,14.5
52,2017-03,CD. VICTORIA,89952.0,780604.0,TMS,27,201703,24.1
53,2017-03,Cd Valles,38261.0,337263.0,SLP,23,201703,22.8
54,2017-03,GALEANA,48431.0,427934.0,NL,18,201703,22.0
55,2017-03,JIMENEZ,67222.0,569562.0,TMS,27,201703,24.1
56,2017-03,LINARES,156387.0,1300600.0,NL,18,201703,22.0
57,2017-03,MATEHUALA,144226.0,1282926.0,SLP,23,201703,22.8
58,2017-03,MONCLOVA,80273.0,762148.0,COA,4,201703,20.7
59,2017-03,MONTEMORELOS,84916.0,719085.0,NL,18,201703,22.0
60,2017-03,POZA RICA,106951.0,938113.0,VEZ,29,201703,22.4
61,2017-03,REYNOSA,317723.0,2630183.0,TMS,27,201703,24.1
62,2017-03,RIO VERDE,94888.0,823278.0,SLP,23,201703,22.8
63,2017-03,SALINASVICTORIA,133984.0,1132931.0,NL,18,201703,22.0
64,2017-03,SALTILLO,68848.0,617146.0,COA,4,201703,20.7
65,2017-03,SAN FERNANDO,20526.0,169485.0,TMS,27,201703,24.1
66,2017-03,SAN LUIS POTOSI,49576.0,427126.0,SLP,23,201703,22.8
67,2017-03,SAN NICOLAS,492314.0,4143209.0,NL,18,201703,22.0
68,2017-03,SAN RAFAEL,25562.0,229588.0,NL,18,201703,22.0
69,2017-03,SANTA CATARINA,102665.0,862677.0,NL,18,201703,22.0
70,2017-03,SOTO LA MARINA,28078.0,241978.0,TMS,27,201703,24.1
71,2017-03,TAMPICO,259198.0,2319852.0,TMS,27,201703,24.1
72,2017-04,ALAMO,134110.0,1100753.0,VEZ,29,201704,24.6
73,2017-04,ALDAMA,47240.0,438713.0,CHI,7,201704,20.4
74,2017-04,ALLENDE,91782.0,751739.0,NL,18,201704,23.8
75,2017-04,CALPULALPAN,69291.0,533775.0,TLX,28,201704,16.1
76,2017-04,CD. VICTORIA,74698.0,656513.0,TMS,27,201704,26.0
77,2017-04,Cd Valles,28095.0,251975.0,SLP,23,201704,25.3
78,2017-04,GALEANA,49866.0,429582.0,NL,18,201704,23.8
79,2017-04,JIMENEZ,69716.0,599093.0,TMS,27,201704,26.0
80,2017-04,LINARES,150081.0,1227446.0,NL,18,201704,23.8
81,2017-04,MATEHUALA,140443.0,1261424.0,SLP,23,201704,25.3
82,2017-04,MONCLOVA,70358.0,665605.0,COA,4,201704,23.3
83,2017-04,MONTEMORELOS,81220.0,666735.0,NL,18,201704,23.8
84,2017-04,POZA RICA,92798.0,808899.0,VEZ,29,201704,24.6
85,2017-04,REYNOSA,264134.0,2178898.0,TMS,27,201704,26.0
86,2017-04,RIO VERDE,92274.0,820206.0,SLP,23,201704,25.3
87,2017-04,SALINASVICTORIA,120959.0,991506.0,NL,18,201704,23.8
88,2017-04,SALTILLO,59470.0,535602.0,COA,4,201704,23.3
89,2017-04,SAN FERNANDO,19275.0,162346.0,TMS,27,201704,26.0
90,2017-04,SAN LUIS POTOSI,46129.0,384757.0,SLP,23,201704,25.3
91,2017-04,SAN NICOLAS,441165.0,3603282.0,NL,18,201704,23.8
92,2017-04,SAN RAFAEL,28866.0,260588.0,NL,18,201704,23.8
93,2017-04,SANTA CATARINA,95581.0,779578.0,NL,18,201704,23.8
94,2017-04,SOTO LA MARINA,30623.0,267054.0,TMS,27,201704,26.0
95,2017-04,TAMPICO,241898.0,2162558.0,TMS,27,201704,26.0
96,2017-05,ALAMO,118705.0,974466.0,VEZ,29,201705,26.1
97,2017-05,ALDAMA,46081.0,438839.0,CHI,7,201705,22.5
98,2017-05,ALLENDE,89152.0,730560.0,NL,18,201705,26.2
99,2017-05,CALPULALPAN,71390.0,548932.0,TLX,28,201705,18.4
100,2017-05,CD. VICTORIA,83026.0,726128.0,TMS,27,201705,28.1
101,2017-05,Cd Valles,9357.0,85630.0,SLP,23,201705,27.4
102,2017-05,GALEANA,43322.0,372780.0,NL,18,201705,26.2
103,2017-05,JIMENEZ,63133.0,539101.0,TMS,27,201705,28.1
104,2017-05,LINARES,143675.0,1184250.0,NL,18,201705,26.2
105,2017-05,MATEHUALA,125556.0,1147851.0,SLP,23,201705,27.4
106,2017-05,MONCLOVA,68271.0,650007.0,COA,4,201705,26.1
107,2017-05,MONTEMORELOS,77596.0,637532.0,NL,18,201705,26.2
108,2017-05,POZA RICA,82994.0,745506.0,VEZ,29,201705,26.1
109,2017-05,REYNOSA,255901.0,2153252.0,TMS,27,201705,28.1
110,2017-05,RIO VERDE,87605.0,793463.0,SLP,23,201705,27.4
111,2017-05,SALINASVICTORIA,125824.0,1031515.0,NL,18,201705,26.2
112,2017-05,SALTILLO,53469.0,471018.0,COA,4,201705,26.1
113,2017-05,SAN FERNANDO,25929.0,219204.0,TMS,27,201705,28.1
114,2017-05,SAN LUIS POTOSI,46640.0,394680.0,SLP,23,201705,27.4
115,2017-05,SAN NICOLAS,460786.0,3763046.0,NL,18,201705,26.2
116,2017-05,SAN RAFAEL,29171.0,257663.0,NL,18,201705,26.2
117,2017-05,SANTA CATARINA,111999.0,913625.0,NL,18,201705,26.2
118,2017-05,SOTO LA MARINA,28740.0,250266.0,TMS,27,201705,28.1
119,2017-05,TAMPICO,270550.0,2443363.0,TMS,27,201705,28.1
120,2017-06,ALAMO,106815.0,876518.0,VEZ,29,201706,25.8
121,2017-06,ALDAMA,41111.0,406729.0,CHI,7,201706,26.9
122,2017-06,ALLENDE,80148.0,652615.0,NL,18,201706,28.3
123,2017-06,CALPULALPAN,79404.0,597487.0,TLX,28,201706,17.2
124,2017-06,CD. VICTORIA,71271.0,611911.0,TMS,27,201706,29.9
125,2017-06,GALEANA,43695.0,378958.0,NL,18,201706,28.3
126,2017-06,JIMENEZ,57858.0,484037.0,TMS,27,201706,29.9
127,2017-06,LINARES,137413.0,1134674.0,NL,18,201706,28.3
128,2017-06,MATEHUALA,118892.0,1113689.0,SLP,23,201706,27.8
129,2017-06,MONCLOVA,59111.0,570558.0,COA,4,201706,28.4
130,2017-06,MONTEMORELOS,69511.0,568050.0,NL,18,201706,28.3
131,2017-06,POZA RICA,82331.0,754128.0,VEZ,29,201706,25.8
132,2017-06,REYNOSA,221878.0,1930248.0,TMS,27,201706,29.9
133,2017-06,RIO VERDE,92769.0,847192.0,SLP,23,201706,27.8
134,2017-06,SALINASVICTORIA,116760.0,943163.0,NL,18,201706,28.3
135,2017-06,SALTILLO,51308.0,448238.0,COA,4,201706,28.4
136,2017-06,SAN FERNANDO,17284.0,156152.0,TMS,27,201706,29.9
137,2017-06,SAN LUIS POTOSI,42845.0,373703.0,SLP,23,201706,27.8
138,2017-06,SAN NICOLAS,413863.0,3351892.0,NL,18,201706,28.3
139,2017-06,SAN RAFAEL,25849.0,226560.0,NL,18,201706,28.3
140,2017-06,SANTA CATARINA,96929.0,780915.0,NL,18,201706,28.3
141,2017-06,SOTO LA MARINA,28203.0,239661.0,TMS,27,201706,29.9
142,2017-06,TAMPICO,264313.0,2422157.0,TMS,27,201706,29.9
143,2017-07,ALAMO,113229.0,902288.0,VEZ,29,201707,24.5
144,2017-07,ALDAMA,42555.0,416836.0,CHI,7,201707,24.6
145,2017-07,ALLENDE,83098.0,653685.0,NL,18,201707,28.0
146,2017-07,CALPULALPAN,77828.0,579668.0,TLX,28,201707,16.7
147,2017-07,CD. VICTORIA,71936.0,604796.0,TMS,27,201707,29.1
148,2017-07,GALEANA,48023.0,402632.0,NL,18,201707,28.0
149,2017-07,JIMENEZ,60274.0,494023.0,TMS,27,201707,29.1
150,2017-07,LINARES,137660.0,1099797.0,NL,18,201707,28.0
151,2017-07,MATEHUALA,136542.0,1239579.0,SLP,23,201707,25.7
152,2017-07,MONCLOVA,62053.0,568684.0,COA,4,201707,28.6
153,2017-07,MONTEMORELOS,66789.0,527720.0,NL,18,201707,28.0
154,2017-07,POZA RICA,83163.0,738100.0,VEZ,29,201707,24.5
155,2017-07,REYNOSA,225454.0,1934579.0,TMS,27,201707,29.1
156,2017-07,RIO VERDE,106280.0,948382.0,SLP,23,201707,25.7
157,2017-07,SALINASVICTORIA,115689.0,911880.0,NL,18,201707,28.0
158,2017-07,SALTILLO,46319.0,406387.0,COA,4,201707,28.6
159,2017-07,SAN FERNANDO,20151.0,174047.0,TMS,27,201707,29.1
160,2017-07,SAN LUIS POTOSI,46683.0,401122.0,SLP,23,201707,25.7
161,2017-07,SAN NICOLAS,426708.0,3358963.0,NL,18,201707,28.0
162,2017-07,SAN RAFAEL,24649.0,220716.0,NL,18,201707,28.0
163,2017-07,SANTA CATARINA,100142.0,786002.0,NL,18,201707,28.0
164,2017-07,SOTO LA MARINA,32662.0,270014.0,TMS,27,201707,29.1
165,2017-07,TAMPICO,284386.0,2557843.0,TMS,27,201707,29.1
166,2017-08,ALAMO,101180.0,855318.0,VEZ,29,201708,25.5
167,2017-08,ALDAMA,39792.0,406085.0,CHI,7,201708,23.6
168,2017-08,ALLENDE,77157.0,645586.0,NL,18,201708,28.6
169,2017-08,CALPULALPAN,72846.0,553937.0,TLX,28,201708,17.5
170,2017-08,CD. VICTORIA,81986.0,715335.0,TMS,27,201708,30.2
171,2017-08,GALEANA,45514.0,399614.0,NL,18,201708,28.6
172,2017-08,JIMENEZ,55480.0,473914.0,TMS,27,201708,30.2
173,2017-08,LINARES,126766.0,1077300.0,NL,18,201708,28.6
174,2017-08,MATEHUALA,140284.0,1263107.0,SLP,23,201708,27.2
175,2017-08,MONCLOVA,61701.0,585941.0,COA,4,201708,28.2
176,2017-08,MONTEMORELOS,58777.0,494643.0,NL,18,201708,28.6
177,2017-08,POZA RICA,81259.0,725073.0,VEZ,29,201708,25.5
178,2017-08,REYNOSA,216291.0,1941590.0,TMS,27,201708,30.2
179,2017-08,RIO VERDE,100270.0,909580.0,SLP,23,201708,27.2
180,2017-08,SALINASVICTORIA,111308.0,926627.0,NL,18,201708,28.6
181,2017-08,SALTILLO,40653.0,365422.0,COA,4,201708,28.2
182,2017-08,SAN FERNANDO,22317.0,202713.0,TMS,27,201708,30.2
183,2017-08,SAN LUIS POTOSI,49733.0,436923.0,SLP,23,201708,27.2
184,2017-08,SAN NICOLAS,397942.0,3322510.0,NL,18,201708,28.6
185,2017-08,SAN RAFAEL,25705.0,234425.0,NL,18,201708,28.6
186,2017-08,SANTA CATARINA,92100.0,761089.0,NL,18,201708,28.6
187,2017-08,SOTO LA MARINA,34538.0,295793.0,TMS,27,201708,30.2
188,2017-08,TAMPICO,277502.0,2623703.0,TMS,27,201708,30.2
189,2017-09,ALAMO,103747.0,916295.0,VEZ,29,201709,24.4
190,2017-09,ALDAMA,38262.0,404099.0,CHI,7,201709,22.9
191,2017-09,ALLENDE,79113.0,691404.0,NL,18,201709,26.2
192,2017-09,CALPULALPAN,73654.0,585056.0,TLX,28,201709,17.1
193,2017-09,CD. VICTORIA,71696.0,649924.0,TMS,27,201709,28.1
194,2017-09,GALEANA,45531.0,416612.0,NL,18,201709,26.2
195,2017-09,JIMENEZ,52161.0,471806.0,TMS,27,201709,28.1
196,2017-09,LINARES,125580.0,1090123.0,NL,18,201709,26.2
197,2017-09,MATEHUALA,139523.0,1278127.0,SLP,23,201709,25.0
198,2017-09,MONCLOVA,66143.0,657049.0,COA,4,201709,26.2
199,2017-09,MONTEMORELOS,58471.0,515700.0,NL,18,201709,26.2
200,2017-09,POZA RICA,80308.0,694530.0,VEZ,29,201709,24.4
201,2017-09,REYNOSA,230350.0,2123987.0,TMS,27,201709,28.1
202,2017-09,RIO VERDE,108680.0,1013578.0,SLP,23,201709,25.0
203,2017-09,SALINASVICTORIA,110017.0,965823.0,NL,18,201709,26.2
204,2017-09,SALTILLO,41646.0,389724.0,COA,4,201709,26.2
205,2017-09,SAN FERNANDO,22102.0,207895.0,TMS,27,201709,28.1
206,2017-09,SAN LUIS POTOSI,49247.0,452040.0,SLP,23,201709,25.0
207,2017-09,SAN NICOLAS,394442.0,3451352.0,NL,18,201709,26.2
208,2017-09,SAN RAFAEL,23571.0,221812.0,NL,18,201709,26.2
209,2017-09,SANTA CATARINA,90441.0,789748.0,NL,18,201709,26.2
210,2017-09,SOTO LA MARINA,31483.0,285655.0,TMS,27,201709,28.1
211,2017-09,TAMPICO,301162.0,2942459.0,TMS,27,201709,28.1
212,2017-10,ALAMO,114147.0,1133779.0,VEZ,29,201710,22.8
213,2017-10,ALDAMA,34457.0,380655.0,CHI,7,201710,20.5
214,2017-10,ALLENDE,85791.0,840568.0,NL,18,201710,21.6
215,2017-10,CALPULALPAN,72542.0,633277.0,TLX,28,201710,15.5
216,2017-10,CD. VICTORIA,72929.0,712248.0,TMS,27,201710,24.2
217,2017-10,GALEANA,49262.0,483065.0,NL,18,201710,21.6
218,2017-10,JIMENEZ,56053.0,556597.0,TMS,27,201710,24.2
219,2017-10,LINARES,129657.0,1246798.0,NL,18,201710,21.6
220,2017-10,MATEHUALA,127464.0,1298110.0,SLP,23,201710,22.6
221,2017-10,MONCLOVA,75937.0,817008.0,COA,4,201710,21.3
222,2017-10,MONTEMORELOS,62980.0,622532.0,NL,18,201710,21.6
223,2017-10,POZA RICA,85095.0,800248.0,VEZ,29,201710,22.8
224,2017-10,REYNOSA,250624.0,2505375.0,TMS,27,201710,24.2
225,2017-10,RIO VERDE,118172.0,1206695.0,SLP,23,201710,22.6
226,2017-10,SALINASVICTORIA,122163.0,1206865.0,NL,18,201710,21.6
227,2017-10,SALTILLO,49193.0,493389.0,COA,4,201710,21.3
228,2017-10,SAN FERNANDO,21880.0,221782.0,TMS,27,201710,24.2
229,2017-10,SAN LUIS POTOSI,44751.0,456092.0,SLP,23,201710,22.6
230,2017-10,SAN NICOLAS,418441.0,4133678.0,NL,18,201710,21.6
231,2017-10,SAN RAFAEL,22719.0,229313.0,NL,18,201710,21.6
232,2017-10,SANTA CATARINA,97583.0,954808.0,NL,18,201710,21.6
233,2017-10,SOTO LA MARINA,35291.0,351217.0,TMS,27,201710,24.2
234,2017-10,TAMPICO,313876.0,3268854.0,TMS,27,201710,24.2
235,2017-11,ALAMO,120508.0,1244987.0,VEZ,29,201711,21.3
236,2017-11,ALDAMA,32813.0,378898.0,CHI,7,201711,16.9
237,2017-11,ALLENDE,88699.0,902017.0,NL,18,201711,19.6
238,2017-11,CALPULALPAN,58889.0,543605.0,TLX,28,201711,13.5
239,2017-11,CD. VICTORIA,70061.0,718053.0,TMS,27,201711,22.7
240,2017-11,GALEANA,47704.0,486508.0,NL,18,201711,19.6
241,2017-11,JIMENEZ,56463.0,590713.0,TMS,27,201711,22.7
242,2017-11,LINARES,127869.0,1280604.0,NL,18,201711,19.6
243,2017-11,MATEHUALA,126032.0,1335770.0,SLP,23,201711,21.5
244,2017-11,MONCLOVA,82125.0,916700.0,COA,4,201711,18.7
245,2017-11,MONTEMORELOS,65726.0,674358.0,NL,18,201711,19.6
246,2017-11,POZA RICA,81177.0,791128.0,VEZ,29,201711,21.3
247,2017-11,REYNOSA,241913.0,2491081.0,TMS,27,201711,22.7
248,2017-11,RIO VERDE,118059.0,1261280.0,SLP,23,201711,21.5
249,2017-11,SALINASVICTORIA,113692.0,1172961.0,NL,18,201711,19.6
250,2017-11,SALTILLO,46031.0,470234.0,COA,4,201711,18.7
251,2017-11,SAN FERNANDO,21157.0,219441.0,TMS,27,201711,22.7
252,2017-11,SAN LUIS POTOSI,44542.0,475590.0,SLP,23,201711,21.5
253,2017-11,SAN NICOLAS,401168.0,4108212.0,NL,18,201711,19.6
254,2017-11,SAN RAFAEL,22937.0,235964.0,NL,18,201711,19.6
255,2017-11,SANTA CATARINA,96047.0,969425.0,NL,18,201711,19.6
256,2017-11,SOTO LA MARINA,33723.0,351712.0,TMS,27,201711,22.7
257,2017-11,TAMPICO,306598.0,3301521.0,TMS,27,201711,22.7
258,2017-12,ALAMO,174482.0,1791418.0,VEZ,29,201712,19.0
259,2017-12,ALDAMA,39745.0,449463.0,CHI,7,201712,11.3
260,2017-12,ALLENDE,106833.0,1083578.0,NL,18,201712,14.6
261,2017-12,CALPULALPAN,57043.0,539283.0,TLX,28,201712,12.8
262,2017-12,CD. VICTORIA,68975.0,713918.0,TMS,27,201712,18.4
263,2017-12,GALEANA,55899.0,567267.0,NL,18,201712,14.6
264,2017-12,JIMENEZ,63912.0,675892.0,TMS,27,201712,18.4
265,2017-12,LINARES,155146.0,1543216.0,NL,18,201712,14.6
266,2017-12,MATEHUALA,164652.0,1735576.0,SLP,23,201712,17.7
267,2017-12,MONCLOVA,125500.0,1407786.0,COA,4,201712,13.7
268,2017-12,MONTEMORELOS,83577.0,855558.0,NL,18,201712,14.6
269,2017-12,POZA RICA,111464.0,1100649.0,VEZ,29,201712,19.0
270,2017-12,REYNOSA,304207.0,3180648.0,TMS,27,201712,18.4
271,2017-12,RIO VERDE,140313.0,1504397.0,SLP,23,201712,17.7
272,2017-12,SALINASVICTORIA,134497.0,1373195.0,NL,18,201712,14.6
273,2017-12,SALTILLO,74895.0,776005.0,COA,4,201712,13.7
274,2017-12,SAN FERNANDO,23697.0,248715.0,TMS,27,201712,18.4
275,2017-12,SAN LUIS POTOSI,58641.0,624563.0,SLP,23,201712,17.7
276,2017-12,SAN NICOLAS,522769.0,5323167.0,NL,18,201712,14.6
277,2017-12,SAN RAFAEL,24264.0,252901.0,NL,18,201712,14.6
278,2017-12,SANTA CATARINA,116442.0,1165326.0,NL,18,201712,14.6
279,2017-12,SOTO LA MARINA,35966.0,381146.0,TMS,27,201712,18.4
280,2017-12,TAMPICO,397088.0,4270613.0,TMS,27,201712,18.4
281,2018-01,ALAMO,161751.0,1680023.0,VEZ,29,201801,16.9
282,2018-01,ALDAMA,33386.0,369888.0,CHI,7,201801,11.0
283,2018-01,ALLENDE,98194.0,1009461.0,NL,18,201801,12.3
284,2018-01,CALPULALPAN,43131.0,416190.0,TLX,28,201801,11.1
285,2018-01,CD. VICTORIA,54798.0,581270.0,TMS,27,201801,15.1
286,2018-01,GALEANA,47458.0,486741.0,NL,18,201801,12.3
287,2018-01,JIMENEZ,51831.0,560747.0,TMS,27,201801,15.1
288,2018-01,LINARES,132429.0,1335437.0,NL,18,201801,12.3
289,2018-01,MATEHUALA,130976.0,1402595.0,SLP,23,201801,15.5
290,2018-01,MONCLOVA,101521.0,1181639.0,COA,4,201801,11.7
291,2018-01,MONTEMORELOS,80717.0,837446.0,NL,18,201801,12.3
292,2018-01,POZA RICA,90138.0,908706.0,VEZ,29,201801,16.9
293,2018-01,REYNOSA,267492.0,2859045.0,TMS,27,201801,15.1
294,2018-01,RIO VERDE,131095.0,1409488.0,SLP,23,201801,15.5
295,2018-01,SALINASVICTORIA,119825.0,1229289.0,NL,18,201801,12.3
296,2018-01,SALTILLO,57565.0,609173.0,COA,4,201801,11.7
297,2018-01,SAN FERNANDO,21835.0,233942.0,TMS,27,201801,15.1
298,2018-01,SAN LUIS POTOSI,53046.0,566872.0,SLP,23,201801,15.5
299,2018-01,SAN NICOLAS,505745.0,5203984.0,NL,18,201801,12.3
300,2018-01,SAN RAFAEL,18853.0,200975.0,NL,18,201801,12.3
301,2018-01,SANTA CATARINA,110091.0,1112322.0,NL,18,201801,12.3
302,2018-01,SOTO LA MARINA,28720.0,310489.0,TMS,27,201801,15.1
303,2018-01,TAMPICO,349248.0,3795369.0,TMS,27,201801,15.1
304,2018-02,ALAMO,127209.0,1220431.0,VEZ,29,201802,21.3
305,2018-02,ALDAMA,27890.0,290682.0,CHI,7,201802,14.8
306,2018-02,ALLENDE,82216.0,772079.0,NL,18,201802,18.6
307,2018-02,CALPULALPAN,36015.0,331624.0,TLX,28,201802,14.4
308,2018-02,CD. VICTORIA,58256.0,592499.0,TMS,27,201802,22.0
309,2018-02,GALEANA,45483.0,425789.0,NL,18,201802,18.6
310,2018-02,HILDA G GARCIA,413438.0,4351790.0,COA,4,201802,18.0
311,2018-02,JIMENEZ,43842.0,458593.0,TMS,27,201802,22.0
312,2018-02,LINARES,118902.0,1091782.0,NL,18,201802,18.6
313,2018-02,MATEHUALA,113182.0,1150429.0,SLP,23,201802,21.9
314,2018-02,MONCLOVA,75144.0,821174.0,COA,4,201802,18.0
315,2018-02,MONTEMORELOS,69031.0,656272.0,NL,18,201802,18.6
316,2018-02,POZA RICA,81080.0,781404.0,VEZ,29,201802,21.3
317,2018-02,REYNOSA,248331.0,2489995.0,TMS,27,201802,22.0
318,2018-02,RIO VERDE,112777.0,1154588.0,SLP,23,201802,21.9
319,2018-02,SALINASVICTORIA,108913.0,1035197.0,NL,18,201802,18.6
320,2018-02,SALTILLO,46071.0,471352.0,COA,4,201802,18.0
321,2018-02,SAN FERNANDO,19634.0,198918.0,TMS,27,201802,22.0
322,2018-02,SAN LUIS POTOSI,61829.0,631130.0,SLP,23,201802,21.9
323,2018-02,SAN NICOLAS,397834.0,3767523.0,NL,18,201802,18.6
324,2018-02,SAN RAFAEL,17171.0,177320.0,NL,18,201802,18.6
325,2018-02,SANTA CATARINA,104654.0,970315.0,NL,18,201802,18.6
326,2018-02,SOTO LA MARINA,25950.0,270271.0,TMS,27,201802,22.0
327,2018-02,TAMPICO,310715.0,3157870.0,TMS,27,201802,22.0
328,2018-03,ALAMO,140594.0,1328022.0,VEZ,29,201803,22.8
329,2018-03,ALDAMA,30825.0,319396.0,CHI,7,201803,17.0
330,2018-03,ALLENDE,90191.0,833946.0,NL,18,201803,21.5
331,2018-03,CALPULALPAN,45606.0,401695.0,TLX,28,201803,16.4
332,2018-03,CD. VICTORIA,65980.0,622970.0,TMS,27,201803,23.9
333,2018-03,GALEANA,50809.0,468865.0,NL,18,201803,21.5
334,2018-03,HILDA G GARCIA,457593.0,4557794.0,COA,4,201803,20.5
335,2018-03,JIMENEZ,49500.0,480020.0,TMS,27,201803,23.9
336,2018-03,LINARES,125413.0,1126715.0,NL,18,201803,21.5
337,2018-03,MATEHUALA,123943.0,1249568.0,SLP,23,201803,23.7
338,2018-03,MONCLOVA,78978.0,864841.0,COA,4,201803,20.5
339,2018-03,MONTEMORELOS,73517.0,687736.0,NL,18,201803,21.5
340,2018-03,POZA RICA,92105.0,877699.0,VEZ,29,201803,22.8
341,2018-03,REYNOSA,253423.0,2503378.0,TMS,27,201803,23.9
342,2018-03,RIO VERDE,118501.0,1223222.0,SLP,23,201803,23.7
343,2018-03,SALINASVICTORIA,103558.0,974255.0,NL,18,201803,21.5
344,2018-03,SALTILLO,45499.0,454263.0,COA,4,201803,20.5
345,2018-03,SAN FERNANDO,20016.0,200631.0,TMS,27,201803,23.9
346,2018-03,SAN LUIS POTOSI,66199.0,677188.0,SLP,23,201803,23.7
347,2018-03,SAN NICOLAS,387927.0,3629948.0,NL,18,201803,21.5
348,2018-03,SAN RAFAEL,22410.0,224626.0,NL,18,201803,21.5
349,2018-03,SANTA CATARINA,103390.0,947617.0,NL,18,201803,21.5
350,2018-03,SOTO LA MARINA,33427.0,323529.0,TMS,27,201803,23.9
351,2018-03,TAMPICO,338892.0,3409291.0,TMS,27,201803,23.9
352,2018-04,ALAMO,118375.0,1074098.0,VEZ,29,201804,23.0
353,2018-04,ALDAMA,27961.0,285085.0,CHI,7,201804,20.4
354,2018-04,ALLENDE,85928.0,760030.0,NL,18,201804,21.9
355,2018-04,CALPULALPAN,55031.0,458834.0,TLX,28,201804,16.4
356,2018-04,CD. VICTORIA,67093.0,609167.0,TMS,27,201804,24.5
357,2018-04,GALEANA,43091.0,383933.0,NL,18,201804,21.9
358,2018-04,HILDA G GARCIA,393178.0,3788040.0,COA,4,201804,22.2
359,2018-04,JIMENEZ,45173.0,423255.0,TMS,27,201804,24.5
360,2018-04,LINARES,113167.0,973870.0,NL,18,201804,21.9
361,2018-04,MATEHUALA,114884.0,1095230.0,SLP,23,201804,24.1
362,2018-04,MONCLOVA,72004.0,768707.0,COA,4,201804,22.2
363,2018-04,MONTEMORELOS,66294.0,595560.0,NL,18,201804,21.9
364,2018-04,POZA RICA,85539.0,782981.0,VEZ,29,201804,23.0
365,2018-04,REYNOSA,248579.0,2346269.0,TMS,27,201804,24.5
366,2018-04,RIO VERDE,111733.0,1077954.0,SLP,23,201804,24.1
367,2018-04,SALINASVICTORIA,100652.0,900368.0,NL,18,201804,21.9
368,2018-04,SALTILLO,41980.0,407735.0,COA,4,201804,22.2
369,2018-04,SAN FERNANDO,21013.0,202351.0,TMS,27,201804,24.5
370,2018-04,SAN LUIS POTOSI,65108.0,622493.0,SLP,23,201804,24.1
371,2018-04,SAN NICOLAS,375098.0,3363236.0,NL,18,201804,21.9
372,2018-04,SAN RAFAEL,19769.0,193226.0,NL,18,201804,21.9
373,2018-04,SANTA CATARINA,93434.0,819784.0,NL,18,201804,21.9
374,2018-04,SOTO LA MARINA,31030.0,291309.0,TMS,27,201804,24.5
375,2018-04,TAMPICO,315315.0,3104190.0,TMS,27,201804,24.5
376,2018-05,ALAMO,106090.0,1049997.0,VEZ,29,201805,25.1
377,2018-05,ALDAMA,26469.0,285025.0,CHI,7,201805,24.7
378,2018-05,ALLENDE,76691.0,743971.0,NL,18,201805,26.1
379,2018-05,CALPULALPAN,56655.0,505495.0,TLX,28,201805,17.6
380,2018-05,CD. VICTORIA,67759.0,666340.0,TMS,27,201805,28.0
381,2018-05,GALEANA,43864.0,424405.0,NL,18,201805,26.1
382,2018-05,HILDA G GARCIA,350028.0,3692062.0,COA,4,201805,27.4
383,2018-05,JIMENEZ,40532.0,413084.0,TMS,27,201805,28.0
384,2018-05,LINARES,101777.0,966954.0,NL,18,201805,26.1
385,2018-05,MATEHUALA,110217.0,1142256.0,SLP,23,201805,26.8
386,2018-05,MONCLOVA,63815.0,691196.0,COA,4,201805,27.4
387,2018-05,MONTEMORELOS,63085.0,612608.0,NL,18,201805,26.1
388,2018-05,POZA RICA,76703.0,762202.0,VEZ,29,201805,25.1
389,2018-05,REYNOSA,236368.0,2442007.0,TMS,27,201805,28.0
390,2018-05,RIO VERDE,111679.0,1162605.0,SLP,23,201805,26.8
391,2018-05,SALINASVICTORIA,83162.0,815016.0,NL,18,201805,26.1
392,2018-05,SALTILLO,36939.0,391565.0,COA,4,201805,27.4
393,2018-05,SAN FERNANDO,19899.0,208912.0,TMS,27,201805,28.0
394,2018-05,SAN LUIS POTOSI,70001.0,715945.0,SLP,23,201805,26.8
395,2018-05,SAN NICOLAS,355065.0,3489497.0,NL,18,201805,26.1
396,2018-05,SAN RAFAEL,17399.0,185401.0,NL,18,201805,26.1
397,2018-05,SANTA CATARINA,91337.0,878348.0,NL,18,201805,26.1
398,2018-05,SOTO LA MARINA,31135.0,316214.0,TMS,27,201805,28.0
399,2018-05,TAMPICO,288720.0,3003604.0,TMS,27,201805,28.0
400,2018-06,ALAMO,95727.0,978853.0,VEZ,29,201806,25.7
401,2018-06,ALDAMA,25056.0,271414.0,CHI,7,201806,26.7
402,2018-06,ALLENDE,71094.0,713323.0,NL,18,201806,27.8
403,2018-06,CALPULALPAN,50168.0,454120.0,TLX,28,201806,17.0
404,2018-06,CD. VICTORIA,54797.0,554253.0,TMS,27,201806,29.3
405,2018-06,GALEANA,44097.0,441442.0,NL,18,201806,27.8
406,2018-06,HILDA G GARCIA,326433.0,3522964.0,COA,4,201806,29.4
407,2018-06,JIMENEZ,45155.0,403650.0,TMS,27,201806,29.3
408,2018-06,LINARES,93452.0,918686.0,NL,18,201806,27.8
409,2018-06,MATEHUALA,110250.0,1186180.0,SLP,23,201806,27.4
410,2018-06,MONCLOVA,56803.0,677376.0,COA,4,201806,29.4
411,2018-06,MONTEMORELOS,53223.0,536052.0,NL,18,201806,27.8
412,2018-06,POZA RICA,69120.0,697814.0,VEZ,29,201806,25.7
413,2018-06,REYNOSA,202624.0,2186798.0,TMS,27,201806,29.3
414,2018-06,RIO VERDE,111188.0,1195191.0,SLP,23,201806,27.4
415,2018-06,SALINASVICTORIA,76334.0,768072.0,NL,18,201806,27.8
416,2018-06,SALTILLO,34923.0,382139.0,COA,4,201806,29.4
417,2018-06,SAN FERNANDO,18817.0,205382.0,TMS,27,201806,29.3
418,2018-06,SAN LUIS POTOSI,68133.0,711840.0,SLP,23,201806,27.4
419,2018-06,SAN NICOLAS,331155.0,3354213.0,NL,18,201806,27.8
420,2018-06,SAN RAFAEL,15322.0,167807.0,NL,18,201806,27.8
421,2018-06,SANTA CATARINA,77444.0,766912.0,NL,18,201806,27.8
422,2018-06,SOTO LA MARINA,27301.0,283681.0,TMS,27,201806,29.3
423,2018-06,TAMPICO,270415.0,2863477.0,TMS,27,201806,29.3
424,2018-07,ALAMO,96780.0,986789.0,VEZ,29,201807,25.3
425,2018-07,ALDAMA,23639.0,255457.0,CHI,7,201807,25.6
426,2018-07,ALLENDE,66970.0,670211.0,NL,18,201807,28.1
427,2018-07,CALPULALPAN,54125.0,487359.0,TLX,28,201807,16.6
428,2018-07,CD. VICTORIA,51333.0,507026.0,TMS,27,201807,30.0
429,2018-07,GALEANA,45885.0,456578.0,NL,18,201807,28.1
430,2018-07,HILDA G GARCIA,349864.0,3661996.0,COA,4,201807,28.7
431,2018-07,JIMENEZ,66610.0,526546.0,TMS,27,201807,30.0
432,2018-07,LINARES,86558.0,843942.0,NL,18,201807,28.1
433,2018-07,MATEHUALA,113807.0,1227295.0,SLP,23,201807,27.4
434,2018-07,MONCLOVA,54837.0,669029.0,COA,4,201807,28.7
435,2018-07,MONTEMORELOS,49622.0,501739.0,NL,18,201807,28.1
436,2018-07,POZA RICA,64571.0,661409.0,VEZ,29,201807,25.3
437,2018-07,REYNOSA,207772.0,2225908.0,TMS,27,201807,30.0
438,2018-07,RIO VERDE,114563.0,1222463.0,SLP,23,201807,27.4
439,2018-07,SALINASVICTORIA,79470.0,797138.0,NL,18,201807,28.1
440,2018-07,SALTILLO,42918.0,458320.0,COA,4,201807,28.7
441,2018-07,SAN FERNANDO,18194.0,196903.0,TMS,27,201807,30.0
442,2018-07,SAN LUIS POTOSI,62989.0,664702.0,SLP,23,201807,27.4
443,2018-07,SAN NICOLAS,326521.0,3297436.0,NL,18,201807,28.1
444,2018-07,SAN RAFAEL,17759.0,186196.0,NL,18,201807,28.1
445,2018-07,SANTA CATARINA,74784.0,741877.0,NL,18,201807,28.1
446,2018-07,SOTO LA MARINA,24276.0,252782.0,TMS,27,201807,30.0
447,2018-07,TAMPICO,252488.0,2671383.0,TMS,27,201807,30.0
448,2018-08,ALAMO,95824.0,974048.0,VEZ,29,201808,24.5
449,2018-08,ALDAMA,25935.0,271894.0,CHI,7,201808,24.7
450,2018-08,ALLENDE,67287.0,669483.0,NL,18,201808,28.6
451,2018-08,CALPULALPAN,40443.0,364342.0,TLX,28,201808,16.6
452,2018-08,CD. VICTORIA,50981.0,505277.0,TMS,27,201808,30.1
453,2018-08,GALEANA,44523.0,442271.0,NL,18,201808,28.6
454,2018-08,HILDA G GARCIA,367147.0,3832047.0,COA,4,201808,28.7
455,2018-08,JIMENEZ,69527.0,579655.0,TMS,27,201808,30.1
456,2018-08,LINARES,90931.0,875150.0,NL,18,201808,28.6
457,2018-08,MATEHUALA,121119.0,1304579.0,SLP,23,201808,27.0
458,2018-08,MONCLOVA,56734.0,693348.0,COA,4,201808,28.7
459,2018-08,MONTEMORELOS,50526.0,506960.0,NL,18,201808,28.6
460,2018-08,POZA RICA,66277.0,678998.0,VEZ,29,201808,24.5
461,2018-08,REYNOSA,213673.0,2274663.0,TMS,27,201808,30.1
462,2018-08,RIO VERDE,121242.0,1280275.0,SLP,23,201808,27.0
463,2018-08,SALINASVICTORIA,81997.0,817962.0,NL,18,201808,28.6
464,2018-08,SALTILLO,44528.0,453132.0,COA,4,201808,28.7
465,2018-08,SAN FERNANDO,17445.0,188025.0,TMS,27,201808,30.1
466,2018-08,SAN LUIS POTOSI,75071.0,782483.0,SLP,23,201808,27.0
467,2018-08,SAN NICOLAS,333278.0,3337714.0,NL,18,201808,28.6
468,2018-08,SAN RAFAEL,19399.0,190034.0,NL,18,201808,28.6
469,2018-08,SANTA CATARINA,76467.0,754717.0,NL,18,201808,28.6
470,2018-08,SOTO LA MARINA,24849.0,257369.0,TMS,27,201808,30.1
471,2018-08,TAMPICO,258719.0,2706941.0,TMS,27,201808,30.1
472,2018-09,ALAMO,102064.0,1092493.0,VEZ,29,201809,25.0
473,2018-09,ALDAMA,25201.0,276560.0,CHI,7,201809,22.6
474,2018-09,ALLENDE,65128.0,690825.0,NL,18,201809,25.9
475,2018-09,CD. VICTORIA,51528.0,542158.0,TMS,27,201809,28.6
476,2018-09,GALEANA,44954.0,453619.0,NL,18,201809,25.9
477,2018-09,HILDA G GARCIA,407619.0,4352115.0,COA,4,201809,24.7
478,2018-09,JIMENEZ,65711.0,558750.0,TMS,27,201809,28.6
479,2018-09,LINARES,99045.0,984708.0,NL,18,201809,25.9
480,2018-09,MATEHUALA,121052.0,1336472.0,SLP,23,201809,26.5
481,2018-09,MONCLOVA,65720.0,842714.0,COA,4,201809,24.7
482,2018-09,MONTEMORELOS,54124.0,579349.0,NL,18,201809,25.9
483,2018-09,POZA RICA,60239.0,647769.0,VEZ,29,201809,25.0
484,2018-09,REYNOSA,207897.0,2269225.0,TMS,27,201809,28.6
485,2018-09,RIO VERDE,118508.0,1322188.0,SLP,23,201809,26.5
486,2018-09,SALINASVICTORIA,86479.0,921359.0,NL,18,201809,25.9
487,2018-09,SALTILLO,44237.0,470625.0,COA,4,201809,24.7
488,2018-09,SAN FERNANDO,17294.0,186812.0,TMS,27,201809,28.6
489,2018-09,SAN LUIS POTOSI,77790.0,833750.0,SLP,23,201809,26.5
490,2018-09,SAN NICOLAS,329415.0,3475901.0,NL,18,201809,25.9
491,2018-09,SAN RAFAEL,16343.0,170800.0,NL,18,201809,25.9
492,2018-09,SANTA CATARINA,81515.0,847189.0,NL,18,201809,25.9
493,2018-09,SOTO LA MARINA,19842.0,209672.0,TMS,27,201809,28.6
494,2018-09,TAMPICO,255028.0,2734914.0,TMS,27,201809,28.6
495,2018-10,ALAMO,115156.0,1228572.0,VEZ,29,201810,23.4
496,2018-10,ALDAMA,29573.0,324311.0,CHI,7,201810,18.7
497,2018-10,ALLENDE,75108.0,793130.0,NL,18,201810,22.1
498,2018-10,CD. VICTORIA,50751.0,534251.0,TMS,27,201810,24.9
499,2018-10,GALEANA,49397.0,498301.0,NL,18,201810,22.1
500,2018-10,HILDA G GARCIA,447676.0,4861989.0,COA,4,201810,21.5
501,2018-10,JIMENEZ,66154.0,620606.0,TMS,27,201810,24.9
502,2018-10,LINARES,114507.0,1151946.0,NL,18,201810,22.1
503,2018-10,MATEHUALA,129835.0,1435182.0,SLP,23,201810,23.9
504,2018-10,MONCLOVA,81251.0,1043269.0,COA,4,201810,21.5
505,2018-10,MONTEMORELOS,61645.0,659081.0,NL,18,201810,22.1
506,2018-10,POZA RICA,74911.0,800765.0,VEZ,29,201810,23.4
507,2018-10,REYNOSA,252769.0,2754917.0,TMS,27,201810,24.9
508,2018-10,RIO VERDE,142547.0,1600754.0,SLP,23,201810,23.9
509,2018-10,SALINASVICTORIA,102548.0,1089679.0,NL,18,201810,22.1
510,2018-10,SALTILLO,48102.0,513609.0,COA,4,201810,21.5
511,2018-10,SAN FERNANDO,19529.0,210084.0,TMS,27,201810,24.9
512,2018-10,SAN LUIS POTOSI,75575.0,824991.0,SLP,23,201810,23.9
513,2018-10,SAN NICOLAS,389593.0,4119541.0,NL,18,201810,22.1
514,2018-10,SAN RAFAEL,19540.0,207322.0,NL,18,201810,22.1
515,2018-10,SANTA CATARINA,104523.0,1078746.0,NL,18,201810,22.1
516,2018-10,SOTO LA MARINA,25077.0,267020.0,TMS,27,201810,24.9
517,2018-10,TAMPICO,302059.0,3216114.0,TMS,27,201810,24.9
518,2018-11,ALAMO,145909.0,1463042.0,VEZ,29,201811,21.1
519,2018-11,ALDAMA,30578.0,313340.0,CHI,7,201811,13.3
520,2018-11,ALLENDE,86622.0,853151.0,NL,18,201811,16.3
521,2018-11,CD. VICTORIA,71172.0,710126.0,TMS,27,201811,19.4
522,2018-11,GALEANA,54040.0,513617.0,NL,18,201811,16.3
523,2018-11,HILDA G GARCIA,509034.0,5521249.0,COA,4,201811,15.5
524,2018-11,JIMENEZ,64849.0,683177.0,TMS,27,201811,19.4
525,2018-11,LAREDO,143336.0,1405464.0,TMS,27,201811,19.4
526,2018-11,LINARES,127312.0,1185678.0,NL,18,201811,16.3
527,2018-11,MATEHUALA,136054.0,1448399.0,SLP,23,201811,19.9
528,2018-11,MONCLOVA,93603.0,1112660.0,COA,4,201811,15.5
529,2018-11,MONTEMORELOS,70928.0,705555.0,NL,18,201811,16.3
530,2018-11,POZA RICA,75568.0,771479.0,VEZ,29,201811,21.1
531,2018-11,REYNOSA,278957.0,2914488.0,TMS,27,201811,19.4
532,2018-11,RIO VERDE,162698.0,1543452.0,SLP,23,201811,19.9
533,2018-11,SALINASVICTORIA,109980.0,1098158.0,NL,18,201811,16.3
534,2018-11,SALTILLO,60560.0,627571.0,COA,4,201811,15.5
535,2018-11,SAN FERNANDO,20631.0,219135.0,TMS,27,201811,19.4
536,2018-11,SAN LUIS POTOSI,76355.0,790206.0,SLP,23,201811,19.9
537,2018-11,SAN NICOLAS,443214.0,4383324.0,NL,18,201811,16.3
538,2018-11,SAN RAFAEL,20168.0,207956.0,NL,18,201811,16.3
539,2018-11,SANTA CATARINA,113744.0,1097099.0,NL,18,201811,16.3
540,2018-11,SOTO LA MARINA,25684.0,262213.0,TMS,27,201811,19.4
541,2018-11,TAMPICO,322358.0,3202981.0,TMS,27,201811,19.4
542,2018-12,ALAMO,168337.0,1665349.0,VEZ,29,201812,19.3
543,2018-12,ALDAMA,38048.0,376393.0,CHI,7,201812,10.8
544,2018-12,ALLENDE,97147.0,941951.0,NL,18,201812,14.8
545,2018-12,CD. VICTORIA,83783.0,823340.0,TMS,27,201812,17.9
546,2018-12,GALEANA,61792.0,593240.0,NL,18,201812,14.8
547,2018-12,HILDA G GARCIA,579334.0,6243694.0,COA,4,201812,13.6
548,2018-12,JIMENEZ,74466.0,774044.0,TMS,27,201812,17.9
549,2018-12,LAREDO,269542.0,2587024.0,TMS,27,201812,17.9
550,2018-12,LINARES,142085.0,1326272.0,NL,18,201812,14.8
551,2018-12,MATEHUALA,171316.0,1760784.0,SLP,23,201812,18.1
552,2018-12,MONCLOVA,106803.0,1163026.0,COA,4,201812,13.6
553,2018-12,MONTEMORELOS,85877.0,841019.0,NL,18,201812,14.8
554,2018-12,POZA RICA,90985.0,912569.0,VEZ,29,201812,19.3
555,2018-12,REYNOSA,294630.0,2880215.0,TMS,27,201812,17.9
556,2018-12,RIO VERDE,167033.0,1541821.0,SLP,23,201812,18.1
557,2018-12,SALINASVICTORIA,122647.0,1199081.0,NL,18,201812,14.8
558,2018-12,SALTILLO,65614.0,657990.0,COA,4,201812,13.6
559,2018-12,SAN FERNANDO,20925.0,210306.0,TMS,27,201812,17.9
560,2018-12,SAN LUIS POTOSI,90364.0,910019.0,SLP,23,201812,18.1
561,2018-12,SAN NICOLAS,464131.0,4433409.0,NL,18,201812,14.8
562,2018-12,SAN RAFAEL,22592.0,229043.0,NL,18,201812,14.8
563,2018-12,SANTA CATARINA,114805.0,1086217.0,NL,18,201812,14.8
564,2018-12,SOTO LA MARINA,28460.0,292597.0,TMS,27,201812,17.9
565,2018-12,TAMPICO,363936.0,3473510.0,TMS,27,201812,17.9
566,2019-01,ALAMO,116821.0,1135848.0,VEZ,29,201901,18.9
567,2019-01,ALDAMA,17674.0,168858.0,CHI,7,201901,11.0
568,2019-01,ALLENDE,83950.0,785516.0,NL,18,201901,14.2
569,2019-01,CD. VICTORIA,85360.0,830154.0,TMS,27,201901,17.4
570,2019-01,GALEANA,52224.0,461616.0,NL,18,201901,14.2
571,2019-01,JIMENEZ,62438.0,647691.0,TMS,27,201901,17.4
572,2019-01,LINARES,134273.0,1160782.0,NL,18,201901,14.2
573,2019-01,MATEHUALA,135512.0,1361638.0,SLP,23,201901,18.4
574,2019-01,MONTEMORELOS,85950.0,815867.0,NL,18,201901,14.2
575,2019-01,POZA RICA,96294.0,924746.0,VEZ,29,201901,18.9
576,2019-01,REYNOSA,319171.0,2830236.0,TMS,27,201901,17.4
577,2019-01,RIO VERDE,150980.0,1369200.0,SLP,23,201901,18.4
578,2019-01,SALINASVICTORIA,112617.0,1083007.0,NL,18,201901,14.2
579,2019-01,SALTILLO,46355.0,445188.0,COA,4,201901,13.5
580,2019-01,SAN FERNANDO,21372.0,206267.0,TMS,27,201901,17.4
581,2019-01,SAN LUIS POTOSI,82677.0,833258.0,SLP,23,201901,18.4
582,2019-01,SAN NICOLAS,461763.0,4294369.0,NL,18,201901,14.2
583,2019-01,SAN RAFAEL,17000.0,171918.0,NL,18,201901,14.2
584,2019-01,SANTA CATARINA,109701.0,1021255.0,NL,18,201901,14.2
585,2019-01,SOTO LA MARINA,24821.0,256595.0,TMS,27,201901,17.4
586,2019-01,TAMPICO,327237.0,3033130.0,TMS,27,201901,17.4
587,2019-02,ALAMO,97163.0,921624.0,VEZ,29,201902,21.9
588,2019-02,ALDAMA,16079.0,152419.0,CHI,7,201902,12.8
589,2019-02,ALLENDE,74110.0,679017.0,NL,18,201902,18.2
590,2019-02,CD. VICTORIA,73129.0,710670.0,TMS,27,201902,21.0
591,2019-02,GALEANA,45164.0,396844.0,NL,18,201902,18.2
592,2019-02,JIMENEZ,59825.0,590890.0,TMS,27,201902,21.0
593,2019-02,LINARES,119082.0,1026734.0,NL,18,201902,18.2
594,2019-02,MATEHUALA,110790.0,1120720.0,SLP,23,201902,21.8
595,2019-02,MONTEMORELOS,71486.0,660135.0,NL,18,201902,18.2
596,2019-02,POZA RICA,77450.0,736132.0,VEZ,29,201902,21.9
597,2019-02,REYNOSA,326227.0,2809137.0,TMS,27,201902,21.0
598,2019-02,RIO VERDE,103551.0,995499.0,SLP,23,201902,21.8
599,2019-02,SALINASVICTORIA,98729.0,928522.0,NL,18,201902,18.2
600,2019-02,SALTILLO,42298.0,407745.0,COA,4,201902,17.1
601,2019-02,SAN FERNANDO,19368.0,187211.0,TMS,27,201902,21.0
602,2019-02,SAN LUIS POTOSI,71423.0,722840.0,SLP,23,201902,21.8
603,2019-02,SAN NICOLAS,390691.0,3559033.0,NL,18,201902,18.2
604,2019-02,SAN RAFAEL,15313.0,155943.0,NL,18,201902,18.2
605,2019-02,SANTA CATARINA,92680.0,847492.0,NL,18,201902,18.2
606,2019-02,SOTO LA MARINA,21933.0,217779.0,TMS,27,201902,21.0
607,2019-02,TAMPICO,287178.0,2646593.0,TMS,27,201902,21.0
608,2019-03,ALAMO,114873.0,1082986.0,VEZ,29,201903,22.0
609,2019-03,ALDAMA,17465.0,164077.0,CHI,7,201903,16.4
610,2019-03,ALLENDE,84467.0,768946.0,NL,18,201903,19.4
611,2019-03,CD. VICTORIA,80255.0,767800.0,TMS,27,201903,22.2
612,2019-03,GALEANA,52781.0,466952.0,NL,18,201903,19.4
613,2019-03,JIMENEZ,64797.0,634487.0,TMS,27,201903,22.2
614,2019-03,LINARES,137928.0,1187724.0,NL,18,201903,19.4
615,2019-03,MATEHUALA,121778.0,1249450.0,SLP,23,201903,22.2
616,2019-03,MONTEMORELOS,75636.0,694487.0,NL,18,201903,19.4
617,2019-03,POZA RICA,79131.0,749447.0,VEZ,29,201903,22.0
618,2019-03,REYNOSA,368544.0,3195241.0,TMS,27,201903,22.2
619,2019-03,RIO VERDE,111210.0,1099448.0,SLP,23,201903,22.2
620,2019-03,SALINASVICTORIA,109623.0,1022502.0,NL,18,201903,19.4
621,2019-03,SALTILLO,44678.0,422015.0,COA,4,201903,18.8
622,2019-03,SAN FERNANDO,20428.0,204032.0,TMS,27,201903,22.2
623,2019-03,SAN LUIS POTOSI,74406.0,760572.0,SLP,23,201903,22.2
624,2019-03,SAN NICOLAS,435197.0,3946169.0,NL,18,201903,19.4
625,2019-03,SAN RAFAEL,19385.0,192131.0,NL,18,201903,19.4
626,2019-03,SANTA CATARINA,104912.0,951525.0,NL,18,201903,19.4
627,2019-03,SOTO LA MARINA,23575.0,233794.0,TMS,27,201903,22.2
628,2019-03,TAMPICO,325893.0,2962279.0,TMS,27,201903,22.2
629,2019-04,ALAMO,105291.0,947815.0,VEZ,29,201904,23.8
630,2019-04,ALDAMA,16702.0,151266.0,CHI,7,201904,18.9
631,2019-04,ALLENDE,68688.0,603181.0,NL,18,201904,22.7
632,2019-04,CD. VICTORIA,65068.0,610843.0,TMS,27,201904,25.1
633,2019-04,GALEANA,55898.0,470221.0,NL,18,201904,22.7
634,2019-04,JIMENEZ,64591.0,615876.0,TMS,27,201904,25.1
635,2019-04,LINARES,133445.0,1082505.0,NL,18,201904,22.7
636,2019-04,MATEHUALA,128294.0,1248094.0,SLP,23,201904,25.5
637,2019-04,MONTEMORELOS,67065.0,593774.0,NL,18,201904,22.7
638,2019-04,POZA RICA,77287.0,717473.0,VEZ,29,201904,23.8
639,2019-04,REYNOSA,280672.0,2436084.0,TMS,27,201904,25.1
640,2019-04,RIO VERDE,105174.0,1039330.0,SLP,23,201904,25.5
641,2019-04,SALINASVICTORIA,92633.0,827408.0,NL,18,201904,22.7
642,2019-04,SALTILLO,51422.0,463687.0,COA,4,201904,22.8
643,2019-04,SAN FERNANDO,19086.0,190333.0,TMS,27,201904,25.1
644,2019-04,SAN LUIS POTOSI,68472.0,696256.0,SLP,23,201904,25.5
645,2019-04,SAN NICOLAS,380473.0,3312977.0,NL,18,201904,22.7
646,2019-04,SAN RAFAEL,20226.0,198969.0,NL,18,201904,22.7
647,2019-04,SANTA CATARINA,91055.0,790711.0,NL,18,201904,22.7
648,2019-04,SOTO LA MARINA,27449.0,266748.0,TMS,27,201904,25.1
649,2019-04,TAMPICO,298047.0,2617810.0,TMS,27,201904,25.1
650,2019-05,ALAMO,90030.0,783586.0,VEZ,29,201905,27.2
651,2019-05,ALDAMA,13968.0,123829.0,CHI,7,201905,22.0
652,2019-05,ALLENDE,53868.0,462788.0,NL,18,201905,26.5
653,2019-05,CD. VICTORIA,62311.0,580398.0,TMS,27,201905,29.3
654,2019-05,GALEANA,46973.0,385649.0,NL,18,201905,26.5
655,2019-05,JIMENEZ,62606.0,583741.0,TMS,27,201905,29.3
656,2019-05,LINARES,119811.0,949666.0,NL,18,201905,26.5
657,2019-05,MATEHUALA,108921.0,1047674.0,SLP,23,201905,29.2
658,2019-05,MONTEMORELOS,65168.0,559655.0,NL,18,201905,26.5
659,2019-05,POZA RICA,68371.0,624433.0,VEZ,29,201905,27.2
660,2019-05,REYNOSA,265349.0,2234491.0,TMS,27,201905,29.3
661,2019-05,RIO VERDE,90033.0,876012.0,SLP,23,201905,29.2
662,2019-05,SALINASVICTORIA,90212.0,782608.0,NL,18,201905,26.5
663,2019-05,SALTILLO,46350.0,409918.0,COA,4,201905,26.4
664,2019-05,SAN FERNANDO,18437.0,167852.0,TMS,27,201905,29.3
665,2019-05,SAN LUIS POTOSI,65731.0,660792.0,SLP,23,201905,29.2
666,2019-05,SAN NICOLAS,375476.0,3151868.0,NL,18,201905,26.5
667,2019-05,SAN RAFAEL,16292.0,144071.0,NL,18,201905,26.5
668,2019-05,SANTA CATARINA,87445.0,733662.0,NL,18,201905,26.5
669,2019-05,SOTO LA MARINA,24554.0,232936.0,TMS,27,201905,29.3
670,2019-05,TAMPICO,275389.0,2380000.0,TMS,27,201905,29.3
671,2019-06,ALAMO,83342.0,668323.0,VEZ,29,201906,26.2
672,2019-06,ALDAMA,17553.0,151245.0,CHI,7,201906,26.3
673,2019-06,ALLENDE,50618.0,401914.0,NL,18,201906,28.2
674,2019-06,CD. VICTORIA,58605.0,528009.0,TMS,27,201906,30.4
675,2019-06,GALEANA,49410.0,377072.0,NL,18,201906,28.2
676,2019-06,JIMENEZ,57548.0,517843.0,TMS,27,201906,30.4
677,2019-06,LINARES,107648.0,794220.0,NL,18,201906,28.2
678,2019-06,MATEHUALA,114356.0,1047734.0,SLP,23,201906,28.5
679,2019-06,MONTEMORELOS,60566.0,478526.0,NL,18,201906,28.2
680,2019-06,POZA RICA,70916.0,608762.0,VEZ,29,201906,26.2
681,2019-06,REYNOSA,230304.0,1796819.0,TMS,27,201906,30.4
682,2019-06,RIO VERDE,98707.0,918514.0,SLP,23,201906,28.5
683,2019-06,SALINASVICTORIA,83352.0,669065.0,NL,18,201906,28.2
684,2019-06,SALTILLO,44338.0,375074.0,COA,4,201906,28.3
685,2019-06,SAN FERNANDO,13544.0,120787.0,TMS,27,201906,30.4
686,2019-06,SAN LUIS POTOSI,67160.0,625720.0,SLP,23,201906,28.5
687,2019-06,SAN NICOLAS,357781.0,2785492.0,NL,18,201906,28.2
688,2019-06,SAN RAFAEL,18199.0,147193.0,NL,18,201906,28.2
689,2019-06,SANTA CATARINA,79946.0,619722.0,NL,18,201906,28.2
690,2019-06,SOTO LA MARINA,24748.0,213762.0,TMS,27,201906,30.4
691,2019-06,TAMPICO,274056.0,2290013.0,TMS,27,201906,30.4
692,2019-07,ALAMO,81837.0,647902.0,VEZ,29,201907,25.2
693,2019-07,ALDAMA,11548.0,106093.0,CHI,7,201907,26.4
694,2019-07,ALLENDE,59415.0,466399.0,NL,18,201907,27.9
695,2019-07,CD. VICTORIA,44250.0,398524.0,TMS,27,201907,30.0
696,2019-07,GALEANA,50825.0,385586.0,NL,18,201907,27.9
697,2019-07,JIMENEZ,58657.0,528785.0,TMS,27,201907,30.0
698,2019-07,LINARES,106799.0,783550.0,NL,18,201907,27.9
699,2019-07,MATEHUALA,121573.0,1098097.0,SLP,23,201907,27.7
700,2019-07,MONTEMORELOS,58096.0,452306.0,NL,18,201907,27.9
701,2019-07,POZA RICA,69678.0,602058.0,VEZ,29,201907,25.2
702,2019-07,REYNOSA,226078.0,1738536.0,TMS,27,201907,30.0
703,2019-07,RIO VERDE,106538.0,967071.0,SLP,23,201907,27.7
704,2019-07,SALINASVICTORIA,83759.0,666297.0,NL,18,201907,27.9
705,2019-07,SALTILLO,45659.0,384636.0,COA,4,201907,28.7
706,2019-07,SAN FERNANDO,12691.0,109475.0,TMS,27,201907,30.0
707,2019-07,SAN LUIS POTOSI,76848.0,701934.0,SLP,23,201907,27.7
708,2019-07,SAN NICOLAS,360253.0,2776371.0,NL,18,201907,27.9
709,2019-07,SAN RAFAEL,17814.0,144883.0,NL,18,201907,27.9
710,2019-07,SANTA CATARINA,81976.0,625199.0,NL,18,201907,27.9
711,2019-07,SOTO LA MARINA,25476.0,220692.0,TMS,27,201907,30.0
712,2019-07,TAMPICO,265754.0,2317648.0,TMS,27,201907,30.0
713,2019-08,ALAMO,80729.0,640200.0,VEZ,29,201908,25.8
714,2019-08,ALDAMA,13799.0,126436.0,CHI,7,201908,25.8
715,2019-08,ALLENDE,61271.0,474591.0,NL,18,201908,29.8
716,2019-08,CD. VICTORIA,41768.0,378928.0,TMS,27,201908,31.6
717,2019-08,GALEANA,49760.0,381433.0,NL,18,201908,29.8
718,2019-08,JIMENEZ,50561.0,458114.0,TMS,27,201908,31.6
719,2019-08,LINARES,100204.0,741336.0,NL,18,201908,29.8
720,2019-08,MATEHUALA,112958.0,1015493.0,SLP,23,201908,29.0
721,2019-08,MONTEMORELOS,53872.0,422215.0,NL,18,201908,29.8
722,2019-08,POZA RICA,66120.0,560898.0,VEZ,29,201908,25.8
723,2019-08,REYNOSA,227510.0,1803526.0,TMS,27,201908,31.6
724,2019-08,RIO VERDE,96461.0,871525.0,SLP,23,201908,29.0
725,2019-08,SALINASVICTORIA,83072.0,663474.0,NL,18,201908,29.8
726,2019-08,SALTILLO,46990.0,390173.0,COA,4,201908,30.5
727,2019-08,SAN FERNANDO,12863.0,111831.0,TMS,27,201908,31.6
728,2019-08,SAN LUIS POTOSI,74143.0,685250.0,SLP,23,201908,29.0
729,2019-08,SAN NICOLAS,386604.0,2967711.0,NL,18,201908,29.8
730,2019-08,SAN RAFAEL,21610.0,173712.0,NL,18,201908,29.8
731,2019-08,SANTA CATARINA,80834.0,620629.0,NL,18,201908,29.8
732,2019-08,SOTO LA MARINA,24549.0,213340.0,TMS,27,201908,31.6
733,2019-08,TAMPICO,256719.0,2241195.0,TMS,27,201908,31.6
734,2019-09,ALAMO,88942.0,709642.0,VEZ,29,201909,24.9
735,2019-09,ALDAMA,13475.0,128320.0,CHI,7,201909,22.8
736,2019-09,ALLENDE,61549.0,483190.0,NL,18,201909,26.4
737,2019-09,CD. VICTORIA,41956.0,381653.0,TMS,27,201909,28.8
738,2019-09,GALEANA,48045.0,375430.0,NL,18,201909,26.4
739,2019-09,JIMENEZ,51317.0,477419.0,TMS,27,201909,28.8
740,2019-09,LINARES,99780.0,758278.0,NL,18,201909,26.4
741,2019-09,MATEHUALA,113738.0,1050478.0,SLP,23,201909,26.8
742,2019-09,MONTEMORELOS,61572.0,483682.0,NL,18,201909,26.4
743,2019-09,POZA RICA,67023.0,600719.0,VEZ,29,201909,24.9
744,2019-09,REYNOSA,244332.0,2035208.0,TMS,27,201909,28.8
745,2019-09,RIO VERDE,97183.0,897010.0,SLP,23,201909,26.8
746,2019-09,SALINASVICTORIA,88148.0,707467.0,NL,18,201909,26.4
747,2019-09,SALTILLO,45876.0,382291.0,COA,4,201909,27.4
748,2019-09,SAN FERNANDO,12908.0,116881.0,TMS,27,201909,28.8
749,2019-09,SAN LUIS POTOSI,71184.0,663605.0,SLP,23,201909,26.8
750,2019-09,SAN NICOLAS,409166.0,3160693.0,NL,18,201909,26.4
751,2019-09,SAN RAFAEL,21133.0,170507.0,NL,18,201909,26.4
752,2019-09,SANTA CATARINA,87271.0,672128.0,NL,18,201909,26.4
753,2019-09,SOTO LA MARINA,23865.0,214373.0,TMS,27,201909,28.8
754,2019-09,TAMPICO,264638.0,2377401.0,TMS,27,201909,28.8
755,2019-10,ALAMO,93954.0,784530.0,VEZ,29,201910,23.6
756,2019-10,ALDAMA,15162.0,144399.0,CHI,7,201910,19.0
757,2019-10,ALLENDE,66804.0,546394.0,NL,18,201910,23.4
758,2019-10,CD. VICTORIA,46428.0,427441.0,TMS,27,201910,25.6
759,2019-10,GALEANA,46430.0,376853.0,NL,18,201910,23.4
760,2019-10,JIMENEZ,55499.0,513900.0,TMS,27,201910,25.6
761,2019-10,LINARES,104956.0,832883.0,NL,18,201910,23.4
762,2019-10,MATEHUALA,121060.0,1136189.0,SLP,23,201910,25.0
763,2019-10,MONTEMORELOS,65873.0,535504.0,NL,18,201910,23.4
764,2019-10,POZA RICA,72883.0,666401.0,VEZ,29,201910,23.6
765,2019-10,REYNOSA,252221.0,2149981.0,TMS,27,201910,25.6
766,2019-10,RIO VERDE,115610.0,1052991.0,SLP,23,201910,25.0
767,2019-10,SALINASVICTORIA,100734.0,836492.0,NL,18,201910,23.4
768,2019-10,SALTILLO,49942.0,410953.0,COA,4,201910,22.8
769,2019-10,SAN FERNANDO,13531.0,125916.0,TMS,27,201910,25.6
770,2019-10,SAN LUIS POTOSI,73637.0,703746.0,SLP,23,201910,25.0
771,2019-10,SAN NICOLAS,440983.0,3537382.0,NL,18,201910,23.4
772,2019-10,SAN RAFAEL,20731.0,173746.0,NL,18,201910,23.4
773,2019-10,SANTA CATARINA,97537.0,778421.0,NL,18,201910,23.4
774,2019-10,SOTO LA MARINA,25111.0,224568.0,TMS,27,201910,25.6
775,2019-10,TAMPICO,286401.0,2637700.0,TMS,27,201910,25.6
776,2019-11,ALAMO,111972.0,965859.0,VEZ,29,201911,20.6
777,2019-11,ALDAMA,17044.0,154456.0,CHI,7,201911,15.0
778,2019-11,ALLENDE,77802.0,657795.0,NL,18,201911,18.3
779,2019-11,CD. VICTORIA,52191.0,490700.0,TMS,27,201911,20.4
780,2019-11,GALEANA,49761.0,416429.0,NL,18,201911,18.3
781,2019-11,JIMENEZ,66594.0,618800.0,TMS,27,201911,20.4
782,2019-11,LINARES,126068.0,1030158.0,NL,18,201911,18.3
783,2019-11,MATEHUALA,131041.0,1267782.0,SLP,23,201911,21.2
784,2019-11,MONTEMORELOS,74792.0,625962.0,NL,18,201911,18.3
785,2019-11,POZA RICA,83830.0,793887.0,VEZ,29,201911,20.6
786,2019-11,REYNOSA,287520.0,2390870.0,TMS,27,201911,20.4
787,2019-11,RIO VERDE,127751.0,1182223.0,SLP,23,201911,21.2
788,2019-11,SALINASVICTORIA,112425.0,963533.0,NL,18,201911,18.3
789,2019-11,SALTILLO,59301.0,486590.0,COA,4,201911,17.6
790,2019-11,SAN FERNANDO,3792.0,35470.0,TMS,27,201911,20.4
791,2019-11,SAN LUIS POTOSI,74505.0,719254.0,SLP,23,201911,21.2
792,2019-11,SAN NICOLAS,503105.0,4166182.0,NL,18,201911,18.3
793,2019-11,SAN RAFAEL,21122.0,182602.0,NL,18,201911,18.3
794,2019-11,SANTA CATARINA,105729.0,880671.0,NL,18,201911,18.3
795,2019-11,SOTO LA MARINA,26166.0,241534.0,TMS,27,201911,20.4
796,2019-11,TAMPICO,318505.0,3004963.0,TMS,27,201911,20.4
797,2019-12,ALAMO,126947.0,1120961.0,VEZ,29,201912,19.5
798,2019-12,ALDAMA,19444.0,185146.0,CHI,7,201912,10.8
799,2019-12,ALLENDE,86092.0,745298.0,NL,18,201912,16.2
800,2019-12,CD. VICTORIA,50434.0,483925.0,TMS,27,201912,19.1
801,2019-12,GALEANA,56170.0,486709.0,NL,18,201912,16.2
802,2019-12,JIMENEZ,71548.0,671767.0,TMS,27,201912,19.1
803,2019-12,LINARES,144104.0,1213980.0,NL,18,201912,16.2
804,2019-12,MATEHUALA,159410.0,1583198.0,SLP,23,201912,19.1
805,2019-12,MONTEMORELOS,81544.0,697703.0,NL,18,201912,16.2
806,2019-12,POZA RICA,92857.0,900117.0,VEZ,29,201912,19.5
807,2019-12,REYNOSA,313012.0,2423953.0,TMS,27,201912,19.1
808,2019-12,RIO VERDE,153232.0,1472080.0,SLP,23,201912,19.1
809,2019-12,SALINASVICTORIA,122780.0,1068598.0,NL,18,201912,16.2
810,2019-12,SALTILLO,62093.0,543245.0,COA,4,201912,14.7
811,2019-12,SAN FERNANDO,11461.0,107701.0,TMS,27,201912,19.1
812,2019-12,SAN LUIS POTOSI,83813.0,817652.0,SLP,23,201912,19.1
813,2019-12,SAN NICOLAS,541075.0,4578066.0,NL,18,201912,16.2
814,2019-12,SAN RAFAEL,22699.0,199821.0,NL,18,201912,16.2
815,2019-12,SANTA CATARINA,109728.0,930632.0,NL,18,201912,16.2
816,2019-12,SOTO LA MARINA,28441.0,266122.0,TMS,27,201912,19.1
817,2019-12,TAMPICO,353631.0,3392118.0,TMS,27,201912,19.1
818,2020-01,ALAMO,112744.0,966862.0,VEZ,29,202001,19.4
819,2020-01,ALDAMA,16345.0,156397.0,CHI,7,202001,10.8
820,2020-01,ALLENDE,74070.0,619552.0,NL,18,202001,16.2
821,2020-01,CD. VICTORIA,60380.0,552391.0,TMS,27,202001,19.5
822,2020-01,GALEANA,48733.0,407179.0,NL,18,202001,16.2
823,2020-01,JIMENEZ,71785.0,659970.0,TMS,27,202001,19.5
824,2020-01,LINARES,127984.0,1032546.0,NL,18,202001,16.2
825,2020-01,MATEHUALA,144327.0,1407709.0,SLP,23,202001,18.8
826,2020-01,MONTEMORELOS,80967.0,675020.0,NL,18,202001,16.2
827,2020-01,POZA RICA,80908.0,782381.0,VEZ,29,202001,19.4
828,2020-01,REYNOSA,282822.0,2200837.0,TMS,27,202001,19.5
829,2020-01,RIO VERDE,137055.0,1282376.0,SLP,23,202001,18.8
830,2020-01,SALINASVICTORIA,101904.0,867281.0,NL,18,202001,16.2
831,2020-01,SALTILLO,48725.0,427389.0,COA,4,202001,14.3
832,2020-01,SAN FERNANDO,8788.0,79774.0,TMS,27,202001,19.5
833,2020-01,SAN LUIS POTOSI,75810.0,736538.0,SLP,23,202001,18.8
834,2020-01,SAN NICOLAS,489201.0,4020948.0,NL,18,202001,16.2
835,2020-01,SANTA CATARINA,104120.0,860281.0,NL,18,202001,16.2
836,2020-01,SOTO LA MARINA,25705.0,237366.0,TMS,27,202001,19.5
837,2020-01,TAMPICO,321282.0,2999507.0,TMS,27,202001,19.5
838,2020-01,VARAGAS,118391.0,1097558.0,COA,4,202001,14.3
839,2020-02,ALAMO,117478.0,953709.0,VEZ,29,202002,20.0
840,2020-02,ALDAMA,15803.0,149801.0,CHI,7,202002,12.0
841,2020-02,ALLENDE,76610.0,605975.0,NL,18,202002,16.5
842,2020-02,CD. VICTORIA,73736.0,655004.0,TMS,27,202002,19.1
843,2020-02,GALEANA,45902.0,357150.0,NL,18,202002,16.5
844,2020-02,JIMENEZ,61692.0,561538.0,TMS,27,202002,19.1
845,2020-02,LINARES,129151.0,955411.0,NL,18,202002,16.5
846,2020-02,MATEHUALA,130837.0,1265217.0,SLP,23,202002,20.0
847,2020-02,MONTEMORELOS,76569.0,607333.0,NL,18,202002,16.5
848,2020-02,POZA RICA,87600.0,816667.0,VEZ,29,202002,20.0
849,2020-02,REYNOSA,288196.0,2231592.0,TMS,27,202002,19.1
850,2020-02,RIO VERDE,124785.0,1154856.0,SLP,23,202002,20.0
851,2020-02,SALINASVICTORIA,98447.0,796115.0,NL,18,202002,16.5
852,2020-02,SALTILLO,49965.0,403798.0,COA,4,202002,15.6
853,2020-02,SAN FERNANDO,8359.0,71991.0,TMS,27,202002,19.1
854,2020-02,SAN LUIS POTOSI,73968.0,706155.0,SLP,23,202002,20.0
855,2020-02,SAN NICOLAS,478330.0,3718392.0,NL,18,202002,16.5
856,2020-02,SANTA CATARINA,104114.0,806786.0,NL,18,202002,16.5
857,2020-02,SOTO LA MARINA,25324.0,232227.0,TMS,27,202002,19.1
858,2020-02,TAMPICO,331406.0,3042660.0,TMS,27,202002,19.1
859,2020-02,VARAGAS,116429.0,972064.0,COA,4,202002,15.6
860,2020-03,ALAMO,118912.0,967168.0,VEZ,29,202003,23.7
861,2020-03,ALDAMA,18358.0,174182.0,CHI,7,202003,16.7
862,2020-03,ALLENDE,83544.0,661047.0,NL,18,202003,22.9
863,2020-03,CD. VICTORIA,81420.0,712581.0,TMS,27,202003,25.2
864,2020-03,GALEANA,49726.0,364585.0,NL,18,202003,22.9
865,2020-03,JIMENEZ,66144.0,582682.0,TMS,27,202003,25.2
866,2020-03,LINARES,140751.0,978189.0,NL,18,202003,22.9
867,2020-03,MATEHUALA,135860.0,1319760.0,SLP,23,202003,24.6
868,2020-03,MONTEMORELOS,80715.0,639101.0,NL,18,202003,22.9
869,2020-03,POZA RICA,88979.0,835943.0,VEZ,29,202003,23.7
870,2020-03,REYNOSA,298391.0,2319861.0,TMS,27,202003,25.2
871,2020-03,RIO VERDE,122444.0,1134001.0,SLP,23,202003,24.6
872,2020-03,SALINASVICTORIA,103792.0,844554.0,NL,18,202003,22.9
873,2020-03,SALTILLO,53047.0,402090.0,COA,4,202003,22.1
874,2020-03,SAN FERNANDO,5376.0,43840.0,TMS,27,202003,25.2
875,2020-03,SAN LUIS POTOSI,83813.0,809629.0,SLP,23,202003,24.6
876,2020-03,SAN NICOLAS,461349.0,3577985.0,NL,18,202003,22.9
877,2020-03,SANTA CATARINA,104796.0,808780.0,NL,18,202003,22.9
878,2020-03,SOTO LA MARINA,24855.0,228382.0,TMS,27,202003,25.2
879,2020-03,TAMPICO,333619.0,3107010.0,TMS,27,202003,25.2
880,2020-03,VARAGAS,124208.0,935803.0,COA,4,202003,22.1
881,2020-04,ALAMO,96747.0,795632.0,VEZ,29,202004,26.9
882,2020-04,ALDAMA,17183.0,163952.0,CHI,7,202004,19.4
883,2020-04,ALLENDE,71412.0,572004.0,NL,18,202004,24.6
884,2020-04,CD. VICTORIA,76107.0,663681.0,TMS,27,202004,27.7
885,2020-04,GALEANA,48256.0,363554.0,NL,18,202004,24.6
886,2020-04,JIMENEZ,67916.0,552182.0,TMS,27,202004,27.7
887,2020-04,LINARES,117832.0,834445.0,NL,18,202004,24.6
888,2020-04,MATEHUALA,121573.0,1189229.0,SLP,23,202004,28.2
889,2020-04,MONTEMORELOS,72557.0,581053.0,NL,18,202004,24.6
890,2020-04,POZA RICA,69649.0,640240.0,VEZ,29,202004,26.9
891,2020-04,REYNOSA,274156.0,2144011.0,TMS,27,202004,27.7
892,2020-04,RIO VERDE,108057.0,1030974.0,SLP,23,202004,28.2
893,2020-04,SALINASVICTORIA,91542.0,748358.0,NL,18,202004,24.6
894,2020-04,SALTILLO,71320.0,548070.0,COA,4,202004,23.9
895,2020-04,SAN FERNANDO,8583.0,64470.0,TMS,27,202004,27.7
896,2020-04,SAN LUIS POTOSI,80763.0,782771.0,SLP,23,202004,28.2
897,2020-04,SAN NICOLAS,364125.0,2844360.0,NL,18,202004,24.6
898,2020-04,SANTA CATARINA,92382.0,722056.0,NL,18,202004,24.6
899,2020-04,SOTO LA MARINA,23347.0,215882.0,TMS,27,202004,27.7
900,2020-04,TAMPICO,265955.0,2428813.0,TMS,27,202004,27.7
901,2020-04,VARAGAS,109777.0,827229.0,COA,4,202004,23.9
902,2020-05,ALAMO,95041.0,840178.0,VEZ,29,202005,25.9
903,2020-05,ALDAMA,17705.0,169054.0,CHI,7,202005,23.7
904,2020-05,ALLENDE,67143.0,576319.0,NL,18,202005,26.0
905,2020-05,CD. VICTORIA,75743.0,684969.0,TMS,27,202005,28.2
906,2020-05,Cd Valles,8431.0,78872.0,SLP,23,202005,27.6
907,2020-05,GALEANA,47516.0,398192.0,NL,18,202005,26.0
908,2020-05,JIMENEZ,68146.0,579968.0,TMS,27,202005,28.2
909,2020-05,LINARES,104141.0,819147.0,NL,18,202005,26.0
910,2020-05,MATEHUALA,116191.0,1190451.0,SLP,23,202005,27.6
911,2020-05,MONTEMORELOS,70959.0,609482.0,NL,18,202005,26.0
912,2020-05,POZA RICA,69119.0,657066.0,VEZ,29,202005,25.9
913,2020-05,REYNOSA,234509.0,1997311.0,TMS,27,202005,28.2
914,2020-05,RIO VERDE,101252.0,1038238.0,SLP,23,202005,27.6
915,2020-05,SALINASVICTORIA,82155.0,725950.0,NL,18,202005,26.0
916,2020-05,SALTILLO,75731.0,589015.0,COA,4,202005,26.8
917,2020-05,SAN FERNANDO,9000.0,76364.0,TMS,27,202005,28.2
918,2020-05,SAN LUIS POTOSI,81069.0,831109.0,SLP,23,202005,27.6
919,2020-05,SAN NICOLAS,360107.0,3062852.0,NL,18,202005,26.0
920,2020-05,SANTA CATARINA,86971.0,743592.0,NL,18,202005,26.0
921,2020-05,SOTO LA MARINA,25814.0,248267.0,TMS,27,202005,28.2
922,2020-05,TAMPICO,253397.0,2403180.0,TMS,27,202005,28.2
923,2020-05,VARAGAS,111877.0,822918.0,COA,4,202005,26.8
924,2020-06,ALAMO,94764.0,852137.0,VEZ,29,202006,25.2
925,2020-06,ALDAMA,15694.0,152350.0,CHI,7,202006,26.4
926,2020-06,ALLENDE,69300.0,598163.0,NL,18,202006,26.7
927,2020-06,CD. VICTORIA,83910.0,776745.0,TMS,27,202006,28.7
928,2020-06,Cd Valles,69758.0,645181.0,SLP,23,202006,27.9
929,2020-06,GALEANA,43424.0,366677.0,NL,18,202006,26.7
930,2020-06,JIMENEZ,63126.0,557064.0,TMS,27,202006,28.7
931,2020-06,LINARES,99746.0,807084.0,NL,18,202006,26.7
932,2020-06,MATEHUALA,108769.0,1140697.0,SLP,23,202006,27.9
933,2020-06,MONTEMORELOS,68037.0,596225.0,NL,18,202006,26.7
934,2020-06,POZA RICA,68892.0,661369.0,VEZ,29,202006,25.2
935,2020-06,REYNOSA,233906.0,2104388.0,TMS,27,202006,28.7
936,2020-06,RIO VERDE,98886.0,1039712.0,SLP,23,202006,27.9
937,2020-06,SALINASVICTORIA,80304.0,726869.0,NL,18,202006,26.7
938,2020-06,SALTILLO,76375.0,587270.0,COA,4,202006,27.9
939,2020-06,SAN FERNANDO,6909.0,68068.0,TMS,27,202006,28.7
940,2020-06,SAN LUIS POTOSI,75396.0,790610.0,SLP,23,202006,27.9
941,2020-06,SAN NICOLAS,366524.0,3149803.0,NL,18,202006,26.7
942,2020-06,SANTA CATARINA,85943.0,753615.0,NL,18,202006,26.7
943,2020-06,SOTO LA MARINA,23038.0,227346.0,TMS,27,202006,28.7
944,2020-06,TAMPICO,186907.0,1860926.0,TMS,27,202006,28.7
945,2020-06,VARAGAS,119308.0,874446.0,COA,4,202006,27.9
946,2020-07,ALAMO,94770.0,865136.0,VEZ,29,202007,26.0
947,2020-07,ALDAMA,17606.0,173021.0,CHI,7,202007,26.1
948,2020-07,ALLENDE,70381.0,608777.0,NL,18,202007,28.3
949,2020-07,CD. VICTORIA,74623.0,707742.0,TMS,27,202007,30.2
950,2020-07,Cd Valles,81623.0,778345.0,SLP,23,202007,28.4
951,2020-07,GALEANA,44390.0,377320.0,NL,18,202007,28.3
952,2020-07,JIMENEZ,72480.0,635833.0,TMS,27,202007,30.2
953,2020-07,LINARES,104406.0,846689.0,NL,18,202007,28.3
954,2020-07,MATEHUALA,120608.0,1254239.0,SLP,23,202007,28.4
955,2020-07,MONTEMORELOS,65802.0,577443.0,NL,18,202007,28.3
956,2020-07,POZA RICA,70793.0,685099.0,VEZ,29,202007,26.0
957,2020-07,REYNOSA,239895.0,2185430.0,TMS,27,202007,30.2
958,2020-07,RIO VERDE,99159.0,1065924.0,SLP,23,202007,28.4
959,2020-07,SALINASVICTORIA,77022.0,693980.0,NL,18,202007,28.3
960,2020-07,SALTILLO,78955.0,613622.0,COA,4,202007,29.2
961,2020-07,SAN FERNANDO,6931.0,68676.0,TMS,27,202007,30.2
962,2020-07,SAN LUIS POTOSI,82109.0,887575.0,SLP,23,202007,28.4
963,2020-07,SAN NICOLAS,366962.0,3078204.0,NL,18,202007,28.3
964,2020-07,SANTA CATARINA,84511.0,740503.0,NL,18,202007,28.3
965,2020-07,SOTO LA MARINA,22165.0,217929.0,TMS,27,202007,30.2
966,2020-07,TAMPICO,185342.0,1868390.0,TMS,27,202007,30.2
967,2020-07,VARAGAS,123459.0,897568.0,COA,4,202007,29.2
968,2020-08,ALAMO,92985.0,874894.0,VEZ,29,202008,24.9
969,2020-08,ALDAMA,17759.0,176969.0,CHI,7,202008,26.6
970,2020-08,ALLENDE,64710.0,579120.0,NL,18,202008,27.8
971,2020-08,CD. VICTORIA,73341.0,704857.0,TMS,27,202008,29.4
972,2020-08,Cd Valles,79123.0,769377.0,SLP,23,202008,27.3
973,2020-08,GALEANA,45746.0,392174.0,NL,18,202008,27.8
974,2020-08,JIMENEZ,71533.0,632893.0,TMS,27,202008,29.4
975,2020-08,LINARES,106035.0,870128.0,NL,18,202008,27.8
976,2020-08,MATEHUALA,117502.0,1233989.0,SLP,23,202008,27.3
977,2020-08,MONTEMORELOS,61940.0,556869.0,NL,18,202008,27.8
978,2020-08,POZA RICA,71923.0,706216.0,VEZ,29,202008,24.9
979,2020-08,REYNOSA,246264.0,2267550.0,TMS,27,202008,29.4
980,2020-08,RIO VERDE,102488.0,1118872.0,SLP,23,202008,27.3
981,2020-08,SALINASVICTORIA,75646.0,694658.0,NL,18,202008,27.8
982,2020-08,SALTILLO,69758.0,596392.0,COA,4,202008,28.5
983,2020-08,SAN FERNANDO,6750.0,68121.0,TMS,27,202008,29.4
984,2020-08,SAN LUIS POTOSI,77987.0,862150.0,SLP,23,202008,27.3
985,2020-08,SAN NICOLAS,372649.0,3260193.0,NL,18,202008,27.8
986,2020-08,SANTA CATARINA,82770.0,745872.0,NL,18,202008,27.8
987,2020-08,SOTO LA MARINA,20303.0,200279.0,TMS,27,202008,29.4
988,2020-08,TAMPICO,182586.0,1862563.0,TMS,27,202008,29.4
989,2020-08,VARAGAS,118352.0,952088.0,COA,4,202008,28.5
990,2020-09,ALAMO,95755.0,914302.0,VEZ,29,202009,24.6
991,2020-09,ALDAMA,18870.0,189234.0,CHI,7,202009,22.6
992,2020-09,ALLENDE,69774.0,642556.0,NL,18,202009,24.7
993,2020-09,CD. VICTORIA,85079.0,809650.0,TMS,27,202009,27.4
994,2020-09,Cd Valles,98534.0,953821.0,SLP,23,202009,25.9
995,2020-09,GALEANA,44167.0,387329.0,NL,18,202009,24.7
996,2020-09,JIMENEZ,72058.0,639028.0,TMS,27,202009,27.4
997,2020-09,LINARES,106229.0,900807.0,NL,18,202009,24.7
998,2020-09,MATEHUALA,115849.0,1228735.0,SLP,23,202009,25.9
999,2020-09,MONTEMORELOS,69570.0,650720.0,NL,18,202009,24.7
1000,2020-09,POZA RICA,76652.0,758031.0,VEZ,29,202009,24.6
1001,2020-09,REYNOSA,255045.0,2365953.0,TMS,27,202009,27.4
1002,2020-09,RIO VERDE,103295.0,1132158.0,SLP,23,202009,25.9
1003,2020-09,SALINASVICTORIA,80707.0,753414.0,NL,18,202009,24.7
1004,2020-09,SALTILLO,73147.0,615038.0,COA,4,202009,24.2
1005,2020-09,SAN FERNANDO,7305.0,74203.0,TMS,27,202009,27.4
1006,2020-09,SAN LUIS POTOSI,75688.0,829492.0,SLP,23,202009,25.9
1007,2020-09,SAN NICOLAS,375181.0,3434049.0,NL,18,202009,24.7
1008,2020-09,SANTA CATARINA,85587.0,789099.0,NL,18,202009,24.7
1009,2020-09,SOTO LA MARINA,19202.0,188972.0,TMS,27,202009,27.4
1010,2020-09,TAMPICO,189028.0,1908528.0,TMS,27,202009,27.4
1011,2020-09,VARAGAS,116491.0,930832.0,COA,4,202009,24.2
1012,2020-10,ALAMO,111335.0,1079996.0,VEZ,29,202010,23.1
1013,2020-10,ALDAMA,20599.0,210099.0,CHI,7,202010,20.0
1014,2020-10,ALLENDE,70814.0,662019.0,NL,18,202010,22.5
1015,2020-10,CD. VICTORIA,85383.0,813018.0,TMS,27,202010,25.4
1016,2020-10,Cd Valles,100975.0,1005103.0,SLP,23,202010,24.2
1017,2020-10,GALEANA,48887.0,429788.0,NL,18,202010,22.5
1018,2020-10,JIMENEZ,79466.0,698822.0,TMS,27,202010,25.4
1019,2020-10,LINARES,116071.0,980040.0,NL,18,202010,22.5
1020,2020-10,MATEHUALA,125839.0,1324820.0,SLP,23,202010,24.2
1021,2020-10,MONTEMORELOS,74046.0,701838.0,NL,18,202010,22.5
1022,2020-10,POZA RICA,81009.0,812948.0,VEZ,29,202010,23.1
1023,2020-10,REYNOSA,268557.0,2540557.0,TMS,27,202010,25.4
1024,2020-10,RIO VERDE,112845.0,1251876.0,SLP,23,202010,24.2
1025,2020-10,SALINASVICTORIA,87909.0,826948.0,NL,18,202010,22.5
1026,2020-10,SALTILLO,74733.0,640405.0,COA,4,202010,22.5
1027,2020-10,SAN FERNANDO,7067.0,72509.0,TMS,27,202010,25.4
1028,2020-10,SAN LUIS POTOSI,76332.0,831894.0,SLP,23,202010,24.2
1029,2020-10,SAN NICOLAS,396001.0,3667649.0,NL,18,202010,22.5
1030,2020-10,SANTA CATARINA,92729.0,865865.0,NL,18,202010,22.5
1031,2020-10,SOTO LA MARINA,22330.0,215949.0,TMS,27,202010,25.4
1032,2020-10,TAMPICO,209644.0,2151310.0,TMS,27,202010,25.4
1033,2020-10,VARAGAS,130075.0,1049554.0,COA,4,202010,22.5
1034,2020-11,ALAMO,114956.0,1124855.0,VEZ,29,202011,21.4
1035,2020-11,ALDAMA,20891.0,217273.0,CHI,7,202011,16.3
1036,2020-11,ALLENDE,65778.0,611854.0,NL,18,202011,20.2
1037,2020-11,CD. VICTORIA,85741.0,798723.0,TMS,27,202011,23.2
1038,2020-11,Cd Valles,109523.0,1103292.0,SLP,23,202011,22.3
1039,2020-11,GALEANA,49632.0,438831.0,NL,18,202011,20.2
1040,2020-11,JIMENEZ,82913.0,730150.0,TMS,27,202011,23.2
1041,2020-11,LINARES,116492.0,981351.0,NL,18,202011,20.2
1042,2020-11,MATEHUALA,126494.0,1330052.0,SLP,23,202011,22.3
1043,2020-11,MONTEMORELOS,76156.0,726160.0,NL,18,202011,20.2
1044,2020-11,POZA RICA,78738.0,792793.0,VEZ,29,202011,21.4
1045,2020-11,REYNOSA,279936.0,2712937.0,TMS,27,202011,23.2
1046,2020-11,RIO VERDE,117109.0,1308950.0,SLP,23,202011,22.3
1047,2020-11,SALINASVICTORIA,87819.0,826105.0,NL,18,202011,20.2
1048,2020-11,SALTILLO,78899.0,681312.0,COA,4,202011,19.4
1049,2020-11,SAN FERNANDO,6890.0,70954.0,TMS,27,202011,23.2
1050,2020-11,SAN LUIS POTOSI,69717.0,770242.0,SLP,23,202011,22.3
1051,2020-11,SAN NICOLAS,401944.0,3712808.0,NL,18,202011,20.2
1052,2020-11,SANTA CATARINA,92693.0,872885.0,NL,18,202011,20.2
1053,2020-11,SOTO LA MARINA,21209.0,203121.0,TMS,27,202011,23.2
1054,2020-11,TAMPICO,211859.0,2199691.0,TMS,27,202011,23.2
1055,2020-11,VARAGAS,128384.0,1053037.0,COA,4,202011,19.4
1056,2020-12,ALAMO,152815.0,1529805.0,VEZ,29,202012,18.5
1057,2020-12,ALDAMA,21621.0,228070.0,CHI,7,202012,9.6
1058,2020-12,ALLENDE,86075.0,814322.0,NL,18,202012,14.3
1059,2020-12,CD. VICTORIA,99320.0,938185.0,TMS,27,202012,17.9
1060,2020-12,Cd Valles,135797.0,1396159.0,SLP,23,202012,17.6
1061,2020-12,GALEANA,57905.0,542837.0,NL,18,202012,14.3
1062,2020-12,JIMENEZ,94237.0,850389.0,TMS,27,202012,17.9
1063,2020-12,LINARES,140789.0,1215362.0,NL,18,202012,14.3
1064,2020-12,MATEHUALA,157897.0,1677046.0,SLP,23,202012,17.6
1065,2020-12,MONTEMORELOS,96819.0,939430.0,NL,18,202012,14.3
1066,2020-12,POZA RICA,95994.0,973565.0,VEZ,29,202012,18.5
1067,2020-12,REYNOSA,336267.0,3328613.0,TMS,27,202012,17.9
1068,2020-12,RIO VERDE,146424.0,1663932.0,SLP,23,202012,17.6
1069,2020-12,SALINASVICTORIA,102383.0,995060.0,NL,18,202012,14.3
1070,2020-12,SALTILLO,97249.0,874992.0,COA,4,202012,13.3
1071,2020-12,SAN FERNANDO,8384.0,86825.0,TMS,27,202012,17.9
1072,2020-12,SAN LUIS POTOSI,82486.0,922412.0,SLP,23,202012,17.6
1073,2020-12,SAN NICOLAS,489686.0,4602974.0,NL,18,202012,14.3
1074,2020-12,SANTA CATARINA,107991.0,1036706.0,NL,18,202012,14.3
1075,2020-12,SOTO LA MARINA,24152.0,233523.0,TMS,27,202012,17.9
1076,2020-12,TAMPICO,262852.0,2773624.0,TMS,27,202012,17.9
1077,2020-12,VARAGAS,153967.0,1303629.0,COA,4,202012,13.3
1078,2021-01,ALAMO,128827.0,1418158.0,VEZ,29,202101,19.0
1079,2021-01,ALDAMA,18012.0,211108.0,CHI,7,202101,9.9
1080,2021-01,ALLENDE,71228.0,745632.0,NL,18,202101,14.9
1081,2021-01,CD. VICTORIA,87506.0,854140.0,TMS,27,202101,18.4
1082,2021-01,Cd Valles,115616.0,1313399.0,SLP,23,202101,18.6
1083,2021-01,GALEANA,46538.0,491603.0,NL,18,202101,14.9
1084,2021-01,JIMENEZ,80342.0,797309.0,TMS,27,202101,18.4
1085,2021-01,LINARES,126831.0,1210932.0,NL,18,202101,14.9
1086,2021-01,MATEHUALA,132385.0,1539396.0,SLP,23,202101,18.6
1087,2021-01,MONTEMORELOS,86773.0,939681.0,NL,18,202101,14.9
1088,2021-01,POZA RICA,78519.0,876689.0,VEZ,29,202101,19.0
1089,2021-01,REYNOSA,290531.0,3158523.0,TMS,27,202101,18.4
1090,2021-01,RIO VERDE,119357.0,1473260.0,SLP,23,202101,18.6
1091,2021-01,SALINASVICTORIA,88600.0,954612.0,NL,18,202101,14.9
1092,2021-01,SALTILLO,84112.0,820811.0,COA,4,202101,13.5
1093,2021-01,SAN FERNANDO,7132.0,78397.0,TMS,27,202101,18.4
1094,2021-01,SAN LUIS POTOSI,68088.0,832147.0,SLP,23,202101,18.6
1095,2021-01,SAN NICOLAS,430680.0,4520874.0,NL,18,202101,14.9
1096,2021-01,SANTA CATARINA,97471.0,1047036.0,NL,18,202101,14.9
1097,2021-01,SOTO LA MARINA,19603.0,202667.0,TMS,27,202101,18.4
1098,2021-01,TAMPICO,228957.0,2612693.0,TMS,27,202101,18.4
1099,2021-01,VARAGAS,133128.0,1260954.0,COA,4,202101,13.5
1100,2021-02,ALAMO,148728.0,1685008.0,VEZ,29,202102,19.9
1101,2021-02,ALDAMA,18728.0,225573.0,CHI,7,202102,13.4
1102,2021-02,ALLENDE,81031.0,883271.0,NL,18,202102,16.3
1103,2021-02,CD. VICTORIA,86857.0,871150.0,TMS,27,202102,18.3
1104,2021-02,Cd Valles,102429.0,1194591.0,SLP,23,202102,19.7
1105,2021-02,GALEANA,41919.0,460069.0,NL,18,202102,16.3
1106,2021-02,JIMENEZ,74562.0,781775.0,TMS,27,202102,18.3
1107,2021-02,LINARES,125241.0,1255636.0,NL,18,202102,16.3
1108,2021-02,MATEHUALA,107033.0,1308952.0,SLP,23,202102,19.7
1109,2021-02,MONTEMORELOS,83132.0,934530.0,NL,18,202102,16.3
1110,2021-02,POZA RICA,76093.0,879011.0,VEZ,29,202102,19.9
1111,2021-02,REYNOSA,330231.0,3771470.0,TMS,27,202102,18.3
1112,2021-02,RIO VERDE,100657.0,1294131.0,SLP,23,202102,19.7
1113,2021-02,SALINASVICTORIA,89366.0,989628.0,NL,18,202102,16.3
1114,2021-02,SALTILLO,79984.0,832866.0,COA,4,202102,15.5
1115,2021-02,SAN FERNANDO,6789.0,78256.0,TMS,27,202102,18.3
1116,2021-02,SAN LUIS POTOSI,64968.0,823400.0,SLP,23,202102,19.7
1117,2021-02,SAN NICOLAS,503681.0,5485117.0,NL,18,202102,16.3
1118,2021-02,SANTA CATARINA,116435.0,1285403.0,NL,18,202102,16.3
1119,2021-02,SOTO LA MARINA,19125.0,210146.0,TMS,27,202102,18.3
1120,2021-02,TAMPICO,222958.0,2616021.0,TMS,27,202102,18.3
1121,2021-02,VARAGAS,120566.0,1241994.0,COA,4,202102,15.5
1122,2021-03,ALAMO,99476.0,1187131.0,VEZ,29,202103,22.5
1123,2021-03,ALDAMA,19489.0,247523.0,CHI,7,202103,15.4
1124,2021-03,ALLENDE,62217.0,710814.0,NL,18,202103,20.8
1125,2021-03,CD. VICTORIA,82536.0,880628.0,TMS,27,202103,23.0
1126,2021-03,Cd Valles,105982.0,1267756.0,SLP,23,202103,23.6
1127,2021-03,GALEANA,47272.0,554085.0,NL,18,202103,20.8
1128,2021-03,JIMENEZ,80363.0,879953.0,TMS,27,202103,23.0
1129,2021-03,LINARES,125004.0,1328479.0,NL,18,202103,20.8
1130,2021-03,MATEHUALA,120018.0,1489611.0,SLP,23,202103,23.6
1131,2021-03,MONTEMORELOS,69783.0,828805.0,NL,18,202103,20.8
1132,2021-03,POZA RICA,73613.0,883610.0,VEZ,29,202103,22.5
1133,2021-03,REYNOSA,296780.0,3549154.0,TMS,27,202103,23.0
1134,2021-03,RIO VERDE,106720.0,1397636.0,SLP,23,202103,23.6
1135,2021-03,SALINASVICTORIA,82500.0,978326.0,NL,18,202103,20.8
1136,2021-03,SALTILLO,73723.0,827768.0,COA,4,202103,19.8
1137,2021-03,SAN FERNANDO,7305.0,88536.0,TMS,27,202103,23.0
1138,2021-03,SAN LUIS POTOSI,69242.0,898388.0,SLP,23,202103,23.6
1139,2021-03,SAN NICOLAS,383214.0,4451708.0,NL,18,202103,20.8
1140,2021-03,SANTA CATARINA,88727.0,1051615.0,NL,18,202103,20.8
1141,2021-03,SOTO LA MARINA,22545.0,265415.0,TMS,27,202103,23.0
1142,2021-03,TAMPICO,210138.0,2587677.0,TMS,27,202103,23.0
1143,2021-03,VARAGAS,114777.0,1242601.0,COA,4,202103,19.8
1144,2021-04,ALAMO,101857.0,1179858.0,VEZ,29,202104,24.9
1145,2021-04,ALDAMA,16890.0,207939.0,CHI,7,202104,19.3
1146,2021-04,ALLENDE,58989.0,655593.0,NL,18,202104,24.1
1147,2021-04,CD. VICTORIA,69425.0,800538.0,TMS,27,202104,26.3
1148,2021-04,Cd Valles,102964.0,1203931.0,SLP,23,202104,26.5
1149,2021-04,GALEANA,45424.0,510126.0,NL,18,202104,24.1
1150,2021-04,JIMENEZ,81843.0,943519.0,TMS,27,202104,26.3
1151,2021-04,LINARES,118787.0,1229382.0,NL,18,202104,24.1
1152,2021-04,MATEHUALA,112170.0,1377502.0,SLP,23,202104,26.5
1153,2021-04,MONTEMORELOS,61323.0,709881.0,NL,18,202104,24.1
1154,2021-04,POZA RICA,70821.0,835421.0,VEZ,29,202104,24.9
1155,2021-04,REYNOSA,292086.0,3387954.0,TMS,27,202104,26.3
1156,2021-04,RIO VERDE,94935.0,1211723.0,SLP,23,202104,26.5
1157,2021-04,SALINASVICTORIA,75389.0,864434.0,NL,18,202104,24.1
1158,2021-04,SALTILLO,76719.0,849514.0,COA,4,202104,23.0
1159,2021-04,SAN FERNANDO,6772.0,79624.0,TMS,27,202104,26.3
1160,2021-04,SAN LUIS POTOSI,69435.0,897136.0,SLP,23,202104,26.5
1161,2021-04,SAN NICOLAS,371354.0,4120817.0,NL,18,202104,24.1
1162,2021-04,SANTA CATARINA,91658.0,1049221.0,NL,18,202104,24.1
1163,2021-04,SOTO LA MARINA,21839.0,255434.0,TMS,27,202104,26.3
1164,2021-04,TAMPICO,192359.0,2304308.0,TMS,27,202104,26.3
1165,2021-04,VARAGAS,109208.0,1197444.0,COA,4,202104,23.0
1166,2021-05,ALAMO,100911.0,1128596.0,VEZ,29,202105,25.8
1167,2021-05,ALDAMA,17482.0,212415.0,CHI,7,202105,22.8
1168,2021-05,ALLENDE,55833.0,593438.0,NL,18,202105,26.0
1169,2021-05,CD. VICTORIA,64280.0,760078.0,TMS,27,202105,28.2
1170,2021-05,Cd Valles,102020.0,1168088.0,SLP,23,202105,27.1
1171,2021-05,GALEANA,50147.0,523926.0,NL,18,202105,26.0
1172,2021-05,JIMENEZ,81910.0,917700.0,TMS,27,202105,28.2
1173,2021-05,LINARES,130134.0,1243929.0,NL,18,202105,26.0
1174,2021-05,MATEHUALA,109892.0,1326414.0,SLP,23,202105,27.1
1175,2021-05,MONTEMORELOS,59218.0,652334.0,NL,18,202105,26.0
1176,2021-05,POZA RICA,70999.0,817720.0,VEZ,29,202105,25.8
1177,2021-05,REYNOSA,283029.0,3150686.0,TMS,27,202105,28.2
1178,2021-05,RIO VERDE,94824.0,1215555.0,SLP,23,202105,27.1
1179,2021-05,SALINASVICTORIA,70996.0,782600.0,NL,18,202105,26.0
1180,2021-05,SALTILLO,67342.0,754079.0,COA,4,202105,26.2
1181,2021-05,SAN FERNANDO,6996.0,78599.0,TMS,27,202105,28.2
1182,2021-05,SAN LUIS POTOSI,72155.0,918758.0,SLP,23,202105,27.1
1183,2021-05,SAN NICOLAS,379388.0,4007414.0,NL,18,202105,26.0
1184,2021-05,SANTA CATARINA,90846.0,1006135.0,NL,18,202105,26.0
1185,2021-05,SOTO LA MARINA,28009.0,318114.0,TMS,27,202105,28.2
1186,2021-05,TAMPICO,187953.0,2207135.0,TMS,27,202105,28.2
1187,2021-05,VARAGAS,110193.0,1200031.0,COA,4,202105,26.2
1188,2021-06,ALAMO,90742.0,1060510.0,VEZ,29,202106,25.1
1189,2021-06,ALDAMA,16625.0,214466.0,CHI,7,202106,26.5
1190,2021-06,ALLENDE,55040.0,614972.0,NL,18,202106,26.9
1191,2021-06,CD. VICTORIA,58246.0,706326.0,TMS,27,202106,28.7
1192,2021-06,Cd Valles,100132.0,1193789.0,SLP,23,202106,26.2
1193,2021-06,GALEANA,44261.0,474805.0,NL,18,202106,26.9
1194,2021-06,JIMENEZ,67851.0,804497.0,TMS,27,202106,28.7
1195,2021-06,LINARES,119940.0,1191131.0,NL,18,202106,26.9
1196,2021-06,MATEHUALA,101862.0,1252784.0,SLP,23,202106,26.2
1197,2021-06,MONTEMORELOS,53564.0,619358.0,NL,18,202106,26.9
1198,2021-06,POZA RICA,72316.0,854178.0,VEZ,29,202106,25.1
1199,2021-06,REYNOSA,269649.0,3145992.0,TMS,27,202106,28.7
1200,2021-06,RIO VERDE,100644.0,1316129.0,SLP,23,202106,26.2
1201,2021-06,SALINASVICTORIA,61414.0,710703.0,NL,18,202106,26.9
1202,2021-06,SALTILLO,62462.0,712229.0,COA,4,202106,28.1
1203,2021-06,SAN FERNANDO,6424.0,76846.0,TMS,27,202106,28.7
1204,2021-06,SAN LUIS POTOSI,69500.0,908708.0,SLP,23,202106,26.2
1205,2021-06,SAN NICOLAS,354623.0,3956502.0,NL,18,202106,26.9
1206,2021-06,SANTA CATARINA,81721.0,959546.0,NL,18,202106,26.9
1207,2021-06,SOTO LA MARINA,20339.0,243498.0,TMS,27,202106,28.7
1208,2021-06,TAMPICO,176757.0,2182504.0,TMS,27,202106,28.7
1209,2021-06,VARAGAS,105027.0,1154594.0,COA,4,202106,28.1
1210,2021-07,ALAMO,97076.0,1221555.0,VEZ,29,202107,24.9
1211,2021-07,ALDAMA,16360.0,222724.0,CHI,7,202107,24.5
1212,2021-07,ALLENDE,59527.0,700474.0,NL,18,202107,26.4
1213,2021-07,CD. VICTORIA,69049.0,794435.0,TMS,27,202107,28.6
1214,2021-07,Cd Valles,101153.0,1274691.0,SLP,23,202107,25.9
1215,2021-07,GALEANA,45909.0,532343.0,NL,18,202107,26.4
1216,2021-07,JIMENEZ,60309.0,752545.0,TMS,27,202107,28.6
1217,2021-07,LINARES,120228.0,1302340.0,NL,18,202107,26.4
1218,2021-07,MATEHUALA,113998.0,1482817.0,SLP,23,202107,25.9
1219,2021-07,MONTEMORELOS,58806.0,731935.0,NL,18,202107,26.4
1220,2021-07,POZA RICA,78780.0,979590.0,VEZ,29,202107,24.9
1221,2021-07,REYNOSA,255229.0,3245584.0,TMS,27,202107,28.6
1222,2021-07,RIO VERDE,111843.0,1553395.0,SLP,23,202107,25.9
1223,2021-07,SALINASVICTORIA,66324.0,821269.0,NL,18,202107,26.4
1224,2021-07,SALTILLO,56419.0,681536.0,COA,4,202107,27.5
1225,2021-07,SAN FERNANDO,5869.0,77718.0,TMS,27,202107,28.6
1226,2021-07,SAN LUIS POTOSI,76864.0,1058358.0,SLP,23,202107,25.9
1227,2021-07,SAN NICOLAS,366131.0,4377256.0,NL,18,202107,26.4
1228,2021-07,SANTA CATARINA,80366.0,1009703.0,NL,18,202107,26.4
1229,2021-07,SOTO LA MARINA,18795.0,239082.0,TMS,27,202107,28.6
1230,2021-07,TAMPICO,173936.0,2284076.0,TMS,27,202107,28.6
1231,2021-07,VARAGAS,103093.0,1231968.0,COA,4,202107,27.5
1232,2021-08,ALAMO,101031.0,1136367.0,VEZ,29,202108,24.7
1233,2021-08,ALDAMA,16701.0,213583.0,CHI,7,202108,24.5
1234,2021-08,ALLENDE,55693.0,633184.0,NL,18,202108,27.5
1235,2021-08,CD. VICTORIA,79253.0,958878.0,TMS,27,202108,29.7
1236,2021-08,Cd Valles,91802.0,1210386.0,SLP,23,202108,26.2
1237,2021-08,GALEANA,41682.0,512312.0,NL,18,202108,27.5
1238,2021-08,JIMENEZ,60834.0,737642.0,TMS,27,202108,29.7
1239,2021-08,LINARES,109687.0,1277400.0,NL,18,202108,27.5
1240,2021-08,MATEHUALA,104949.0,1375353.0,SLP,23,202108,26.2
1241,2021-08,MONTEMORELOS,57950.0,671379.0,NL,18,202108,27.5
1242,2021-08,POZA RICA,74692.0,934352.0,VEZ,29,202108,24.7
1243,2021-08,REYNOSA,257667.0,2912869.0,TMS,27,202108,29.7
1244,2021-08,RIO VERDE,105010.0,1374713.0,SLP,23,202108,26.2
1245,2021-08,SALINASVICTORIA,80525.0,912690.0,NL,18,202108,27.5
1246,2021-08,SALTILLO,58262.0,686326.0,COA,4,202108,27.8
1247,2021-08,SAN FERNANDO,6416.0,84202.0,TMS,27,202108,29.7
1248,2021-08,SAN LUIS POTOSI,79894.0,1041777.0,SLP,23,202108,26.2
1249,2021-08,SAN NICOLAS,382189.0,4311487.0,NL,18,202108,27.5
1250,2021-08,SANTA CATARINA,87097.0,984478.0,NL,18,202108,27.5
1251,2021-08,SOTO LA MARINA,19525.0,236831.0,TMS,27,202108,29.7
1252,2021-08,TAMPICO,169842.0,2175738.0,TMS,27,202108,29.7
1253,2021-08,VARAGAS,105277.0,1240103.0,COA,4,202108,27.8
1254,2021-09,ALAMO,96389.0,1142366.0,VEZ,29,202109,24.7
1255,2021-09,ALDAMA,17446.0,236582.0,CHI,7,202109,23.0
1256,2021-09,ALLENDE,53825.0,673950.0,NL,18,202109,26.4
1257,2021-09,CD. VICTORIA,73437.0,961890.0,TMS,27,202109,28.5
1258,2021-09,Cd Valles,92931.0,1274083.0,SLP,23,202109,25.3
1259,2021-09,GALEANA,41961.0,556554.0,NL,18,202109,26.4
1260,2021-09,JIMENEZ,60313.0,786144.0,TMS,27,202109,28.5
1261,2021-09,LINARES,100423.0,1314996.0,NL,18,202109,26.4
1262,2021-09,MATEHUALA,98651.0,1336635.0,SLP,23,202109,25.3
1263,2021-09,MONTEMORELOS,54774.0,719879.0,NL,18,202109,26.4
1264,2021-09,POZA RICA,69373.0,918666.0,VEZ,29,202109,24.7
1265,2021-09,REYNOSA,255756.0,3029143.0,TMS,27,202109,28.5
1266,2021-09,RIO VERDE,103448.0,1400779.0,SLP,23,202109,25.3
1267,2021-09,SALINASVICTORIA,75096.0,895074.0,NL,18,202109,26.4
1268,2021-09,SALTILLO,55940.0,713650.0,COA,4,202109,26.6
1269,2021-09,SAN FERNANDO,6365.0,87515.0,TMS,27,202109,28.5
1270,2021-09,SAN LUIS POTOSI,75508.0,1008321.0,SLP,23,202109,25.3
1271,2021-09,SAN NICOLAS,367182.0,4369843.0,NL,18,202109,26.4
1272,2021-09,SANTA CATARINA,87060.0,1042620.0,NL,18,202109,26.4
1273,2021-09,SOTO LA MARINA,19437.0,253751.0,TMS,27,202109,28.5
1274,2021-09,TAMPICO,162110.0,2195630.0,TMS,27,202109,28.5
1275,2021-09,VARAGAS,97997.0,1242149.0,COA,4,202109,26.6
1276,2021-10,ALAMO,104021.0,1379909.0,VEZ,29,202110,24.0
1277,2021-10,ALDAMA,19322.0,288471.0,CHI,7,202110,20.0
1278,2021-10,ALLENDE,56098.0,770846.0,NL,18,202110,23.7
1279,2021-10,CD. VICTORIA,79867.0,1135102.0,TMS,27,202110,26.1
1280,2021-10,Cd Valles,87765.0,1304456.0,SLP,23,202110,24.1
1281,2021-10,GALEANA,40132.0,576307.0,NL,18,202110,23.7
1282,2021-10,JIMENEZ,67073.0,956455.0,TMS,27,202110,26.1
1283,2021-10,LINARES,103619.0,1463738.0,NL,18,202110,23.7
1284,2021-10,MATEHUALA,99648.0,1448006.0,SLP,23,202110,24.1
1285,2021-10,MONTEMORELOS,56465.0,803726.0,NL,18,202110,23.7
1286,2021-10,POZA RICA,70379.0,1004603.0,VEZ,29,202110,24.0
1287,2021-10,REYNOSA,273557.0,3469891.0,TMS,27,202110,26.1
1288,2021-10,RIO VERDE,108746.0,1587611.0,SLP,23,202110,24.1
1289,2021-10,SALINASVICTORIA,85793.0,1136182.0,NL,18,202110,23.7
1290,2021-10,SALTILLO,64970.0,886734.0,COA,4,202110,23.6
1291,2021-10,SAN FERNANDO,5939.0,86417.0,TMS,27,202110,26.1
1292,2021-10,SAN LUIS POTOSI,73168.0,1038269.0,SLP,23,202110,24.1
1293,2021-10,SAN NICOLAS,409347.0,5417601.0,NL,18,202110,23.7
1294,2021-10,SANTA CATARINA,97267.0,1296741.0,NL,18,202110,23.7
1295,2021-10,SOTO LA MARINA,20779.0,294700.0,TMS,27,202110,26.1
1296,2021-10,TAMPICO,165694.0,2449314.0,TMS,27,202110,26.1
1297,2021-10,VARAGAS,103978.0,1396606.0,COA,4,202110,23.6
1298,2021-11,ALAMO,117831.0,1627447.0,VEZ,29,202111,20.5
1299,2021-11,ALDAMA,22432.0,325485.0,CHI,7,202111,15.5
1300,2021-11,ALLENDE,63949.0,901704.0,NL,18,202111,18.6
1301,2021-11,CD. VICTORIA,86050.0,1220536.0,TMS,27,202111,21.6
1302,2021-11,Cd Valles,94756.0,1339435.0,SLP,23,202111,20.3
1303,2021-11,GALEANA,40646.0,593909.0,NL,18,202111,18.6
1304,2021-11,JIMENEZ,75388.0,1064517.0,TMS,27,202111,21.6
1305,2021-11,LINARES,110033.0,1553693.0,NL,18,202111,18.6
1306,2021-11,MATEHUALA,109638.0,1553986.0,SLP,23,202111,20.3
1307,2021-11,MONTEMORELOS,63406.0,899961.0,NL,18,202111,18.6
1308,2021-11,POZA RICA,70700.0,1002745.0,VEZ,29,202111,20.5
1309,2021-11,REYNOSA,322215.0,4033029.0,TMS,27,202111,21.6
1310,2021-11,RIO VERDE,129114.0,1791920.0,SLP,23,202111,20.3
1311,2021-11,SALINASVICTORIA,93014.0,1274210.0,NL,18,202111,18.6
1312,2021-11,SALTILLO,73550.0,1011512.0,COA,4,202111,18.3
1313,2021-11,SAN FERNANDO,6797.0,92858.0,TMS,27,202111,21.6
1314,2021-11,SAN LUIS POTOSI,69792.0,953158.0,SLP,23,202111,20.3
1315,2021-11,SAN NICOLAS,422343.0,5770930.0,NL,18,202111,18.6
1316,2021-11,SANTA CATARINA,110724.0,1522914.0,NL,18,202111,18.6
1317,2021-11,SOTO LA MARINA,22739.0,320808.0,TMS,27,202111,21.6
1318,2021-11,TAMPICO,180882.0,2625142.0,TMS,27,202111,21.6
1319,2021-11,VARAGAS,107202.0,1441413.0,COA,4,202111,18.3
1320,2021-12,ALAMO,127967.0,1606983.0,VEZ,29,202112,21.2
1321,2021-12,ALDAMA,28442.0,363080.0,CHI,7,202112,13.9
1322,2021-12,ALLENDE,67973.0,859973.0,NL,18,202112,19.0
1323,2021-12,CD. VICTORIA,77221.0,972306.0,TMS,27,202112,22.2
1324,2021-12,Cd Valles,118738.0,1386511.0,SLP,23,202112,20.7
1325,2021-12,GALEANA,47542.0,614047.0,NL,18,202112,19.0
1326,2021-12,JIMENEZ,76806.0,956657.0,TMS,27,202112,22.2
1327,2021-12,LINARES,121746.0,1546575.0,NL,18,202112,19.0
1328,2021-12,MATEHUALA,134126.0,1689251.0,SLP,23,202112,20.7
1329,2021-12,MONTEMORELOS,72162.0,919431.0,NL,18,202112,19.0
1330,2021-12,POZA RICA,84823.0,1074379.0,VEZ,29,202112,21.2
1331,2021-12,REYNOSA,350364.0,3831073.0,TMS,27,202112,22.2
1332,2021-12,RIO VERDE,156444.0,1885541.0,SLP,23,202112,20.7
1333,2021-12,SALINASVICTORIA,95400.0,1203308.0,NL,18,202112,19.0
1334,2021-12,SALTILLO,84094.0,1032146.0,COA,4,202112,18.8
1335,2021-12,SAN FERNANDO,8125.0,98225.0,TMS,27,202112,22.2
1336,2021-12,SAN LUIS POTOSI,79736.0,978761.0,SLP,23,202112,20.7
1337,2021-12,SAN NICOLAS,448734.0,5671409.0,NL,18,202112,19.0
1338,2021-12,SANTA CATARINA,108538.0,1374997.0,NL,18,202112,19.0
1339,2021-12,SOTO LA MARINA,25809.0,324083.0,TMS,27,202112,22.2
1340,2021-12,TAMPICO,212424.0,2726534.0,TMS,27,202112,22.2
1341,2021-12,VARAGAS,122506.0,1486852.0,COA,4,202112,18.8
