Filial,mm,yy,Temperatura_prom,Venta,Litros,Filial_II,mes,a√±o,Lluvia_mean
ALAMO,1,2017,20.7,1120651.0,136123.0,ALAMO,1,2017,36.9
ALAMO,1,2018,16.9,1680023.0,161751.0,ALAMO,1,2018,112.7
ALAMO,1,2019,18.9,1135848.0,116821.0,ALAMO,1,2019,50.6
ALAMO,1,2020,19.4,966862.0,112744.0,ALAMO,1,2020,85.2
ALAMO,1,2021,19.0,1418158.0,128827.0,ALAMO,1,2021,85.0
ALAMO,2,2017,22.0,986664.0,115749.0,ALAMO,2,2017,32.6
ALAMO,2,2018,21.3,1220431.0,127209.0,ALAMO,2,2018,37.2
ALAMO,2,2019,21.9,921624.0,97163.0,ALAMO,2,2019,15.5
ALAMO,2,2020,20.0,953709.0,117478.0,ALAMO,2,2020,56.6
ALAMO,2,2021,19.9,1685008.0,148728.0,ALAMO,2,2021,25.4
ALAMO,3,2017,22.4,1110760.0,131159.0,ALAMO,3,2017,35.3
ALAMO,3,2018,22.8,1328022.0,140594.0,ALAMO,3,2018,57.4
ALAMO,3,2019,22.0,1082986.0,114873.0,ALAMO,3,2019,30.3
ALAMO,3,2020,23.7,967168.0,118912.0,ALAMO,3,2020,8.1
ALAMO,3,2021,22.5,1187131.0,99476.0,ALAMO,3,2021,22.7
ALAMO,4,2017,24.6,1100753.0,134110.0,ALAMO,4,2017,65.4
ALAMO,4,2018,23.0,1074098.0,118375.0,ALAMO,4,2018,90.1
ALAMO,4,2019,23.8,947815.0,105291.0,ALAMO,4,2019,8.0
ALAMO,4,2020,26.9,795632.0,96747.0,ALAMO,4,2020,50.7
ALAMO,4,2021,24.9,1179858.0,101857.0,ALAMO,4,2021,32.1
ALAMO,5,2017,26.1,974466.0,118705.0,ALAMO,5,2017,110.0
ALAMO,5,2018,25.1,1049997.0,106090.0,ALAMO,5,2018,35.1
ALAMO,5,2019,27.2,783586.0,90030.0,ALAMO,5,2019,31.6
ALAMO,5,2020,25.9,840178.0,95041.0,ALAMO,5,2020,135.6
ALAMO,5,2021,25.8,1128596.0,100911.0,ALAMO,5,2021,103.5
ALAMO,6,2017,25.8,876518.0,106815.0,ALAMO,6,2017,181.7
ALAMO,6,2018,25.7,978853.0,95727.0,ALAMO,6,2018,154.0
ALAMO,6,2019,26.2,668323.0,83342.0,ALAMO,6,2019,162.3
ALAMO,6,2020,25.2,852137.0,94764.0,ALAMO,6,2020,218.0
ALAMO,6,2021,25.1,1060510.0,90742.0,ALAMO,6,2021,276.7
ALAMO,7,2017,24.5,902288.0,113229.0,ALAMO,7,2017,245.1
ALAMO,7,2018,25.3,986789.0,96780.0,ALAMO,7,2018,120.6
ALAMO,7,2019,25.2,647902.0,81837.0,ALAMO,7,2019,121.7
ALAMO,7,2020,26.0,865136.0,94770.0,ALAMO,7,2020,107.5
ALAMO,7,2021,24.9,1221555.0,97076.0,ALAMO,7,2021,140.9
ALAMO,8,2017,25.5,855318.0,101180.0,ALAMO,8,2017,199.7
ALAMO,8,2018,24.5,974048.0,95824.0,ALAMO,8,2018,218.0
ALAMO,8,2019,25.8,640200.0,80729.0,ALAMO,8,2019,90.8
ALAMO,8,2020,24.9,874894.0,92985.0,ALAMO,8,2020,243.5
ALAMO,8,2021,24.7,1136367.0,101031.0,ALAMO,8,2021,236.9
ALAMO,9,2017,24.4,916295.0,103747.0,ALAMO,9,2017,429.0
ALAMO,9,2018,25.0,1092493.0,102064.0,ALAMO,9,2018,197.6
ALAMO,9,2019,24.9,709642.0,88942.0,ALAMO,9,2019,168.0
ALAMO,9,2020,24.6,914302.0,95755.0,ALAMO,9,2020,282.2
ALAMO,9,2021,24.7,1142366.0,96389.0,ALAMO,9,2021,218.3
ALAMO,10,2017,22.8,1133779.0,114147.0,ALAMO,10,2017,314.9
ALAMO,10,2018,23.4,1228572.0,115156.0,ALAMO,10,2018,332.5
ALAMO,10,2019,23.6,784530.0,93954.0,ALAMO,10,2019,271.9
ALAMO,10,2020,23.1,1079996.0,111335.0,ALAMO,10,2020,123.1
ALAMO,10,2021,24.0,1379909.0,104021.0,ALAMO,10,2021,225.4
ALAMO,11,2017,21.3,1244987.0,120508.0,ALAMO,11,2017,43.3
ALAMO,11,2018,21.1,1463042.0,145909.0,ALAMO,11,2018,93.8
ALAMO,11,2019,20.6,965859.0,111972.0,ALAMO,11,2019,124.1
ALAMO,11,2020,21.4,1124855.0,114956.0,ALAMO,11,2020,189.6
ALAMO,11,2021,20.5,1627447.0,117831.0,ALAMO,11,2021,109.2
ALAMO,12,2017,19.0,1791418.0,174482.0,ALAMO,12,2017,37.1
ALAMO,12,2018,19.3,1665349.0,168337.0,ALAMO,12,2018,67.1
ALAMO,12,2019,19.5,1120961.0,126947.0,ALAMO,12,2019,32.7
ALAMO,12,2020,18.5,1529805.0,152815.0,ALAMO,12,2020,48.6
ALAMO,12,2021,21.2,1606983.0,127967.0,ALAMO,12,2021,24.9
ALDAMA,1,2017,11.7,440557.0,51862.0,ALDAMA,1,2017,12.3
ALDAMA,1,2018,11.0,369888.0,33386.0,ALDAMA,1,2018,0.1
ALDAMA,1,2019,11.0,168858.0,17674.0,ALDAMA,1,2019,15.2
ALDAMA,1,2020,10.8,156397.0,16345.0,ALDAMA,1,2020,6.0
ALDAMA,1,2021,9.9,211108.0,18012.0,ALDAMA,1,2021,20.6
ALDAMA,2,2017,13.9,394947.0,44975.0,ALDAMA,2,2017,8.1
ALDAMA,2,2018,14.8,290682.0,27890.0,ALDAMA,2,2018,19.2
ALDAMA,2,2019,12.8,152419.0,16079.0,ALDAMA,2,2019,13.8
ALDAMA,2,2020,12.0,149801.0,15803.0,ALDAMA,2,2020,20.2
ALDAMA,2,2021,13.4,225573.0,18728.0,ALDAMA,2,2021,9.3
ALDAMA,3,2017,17.6,456109.0,50050.0,ALDAMA,3,2017,3.4
ALDAMA,3,2018,17.0,319396.0,30825.0,ALDAMA,3,2018,1.8
ALDAMA,3,2019,16.4,164077.0,17465.0,ALDAMA,3,2019,11.5
ALDAMA,3,2020,16.7,174182.0,18358.0,ALDAMA,3,2020,27.3
ALDAMA,3,2021,15.4,247523.0,19489.0,ALDAMA,3,2021,0.7
ALDAMA,4,2017,20.4,438713.0,47240.0,ALDAMA,4,2017,6.1
ALDAMA,4,2018,20.4,285085.0,27961.0,ALDAMA,4,2018,0.9
ALDAMA,4,2019,18.9,151266.0,16702.0,ALDAMA,4,2019,1.0
ALDAMA,4,2020,19.4,163952.0,17183.0,ALDAMA,4,2020,3.3
ALDAMA,4,2021,19.3,207939.0,16890.0,ALDAMA,4,2021,3.0
ALDAMA,5,2017,22.5,438839.0,46081.0,ALDAMA,5,2017,10.4
ALDAMA,5,2018,24.7,285025.0,26469.0,ALDAMA,5,2018,4.4
ALDAMA,5,2019,22.0,123829.0,13968.0,ALDAMA,5,2019,3.5
ALDAMA,5,2020,23.7,169054.0,17705.0,ALDAMA,5,2020,6.2
ALDAMA,5,2021,22.8,212415.0,17482.0,ALDAMA,5,2021,6.8
ALDAMA,6,2017,26.9,406729.0,41111.0,ALDAMA,6,2017,20.6
ALDAMA,6,2018,26.7,271414.0,25056.0,ALDAMA,6,2018,45.9
ALDAMA,6,2019,26.3,151245.0,17553.0,ALDAMA,6,2019,26.0
ALDAMA,6,2020,26.4,152350.0,15694.0,ALDAMA,6,2020,19.5
ALDAMA,6,2021,26.5,214466.0,16625.0,ALDAMA,6,2021,61.6
ALDAMA,7,2017,24.6,416836.0,42555.0,ALDAMA,7,2017,153.3
ALDAMA,7,2018,25.6,255457.0,23639.0,ALDAMA,7,2018,97.1
ALDAMA,7,2019,26.4,106093.0,11548.0,ALDAMA,7,2019,76.1
ALDAMA,7,2020,26.1,173021.0,17606.0,ALDAMA,7,2020,82.8
ALDAMA,7,2021,24.5,222724.0,16360.0,ALDAMA,7,2021,114.2
ALDAMA,8,2017,23.6,406085.0,39792.0,ALDAMA,8,2017,122.1
ALDAMA,8,2018,24.7,271894.0,25935.0,ALDAMA,8,2018,122.4
ALDAMA,8,2019,25.8,126436.0,13799.0,ALDAMA,8,2019,99.3
ALDAMA,8,2020,26.6,176969.0,17759.0,ALDAMA,8,2020,32.4
ALDAMA,8,2021,24.5,213583.0,16701.0,ALDAMA,8,2021,105.4
ALDAMA,9,2017,22.9,404099.0,38262.0,ALDAMA,9,2017,58.8
ALDAMA,9,2018,22.6,276560.0,25201.0,ALDAMA,9,2018,110.4
ALDAMA,9,2019,22.8,128320.0,13475.0,ALDAMA,9,2019,98.5
ALDAMA,9,2020,22.6,189234.0,18870.0,ALDAMA,9,2020,49.1
ALDAMA,9,2021,23.0,236582.0,17446.0,ALDAMA,9,2021,46.1
ALDAMA,10,2017,20.5,380655.0,34457.0,ALDAMA,10,2017,14.4
ALDAMA,10,2018,18.7,324311.0,29573.0,ALDAMA,10,2018,52.0
ALDAMA,10,2019,19.0,144399.0,15162.0,ALDAMA,10,2019,41.3
ALDAMA,10,2020,20.0,210099.0,20599.0,ALDAMA,10,2020,0.1
ALDAMA,10,2021,20.0,288471.0,19322.0,ALDAMA,10,2021,7.7
ALDAMA,11,2017,16.9,378898.0,32813.0,ALDAMA,11,2017,1.7
ALDAMA,11,2018,13.3,313340.0,30578.0,ALDAMA,11,2018,3.3
ALDAMA,11,2019,15.0,154456.0,17044.0,ALDAMA,11,2019,69.0
ALDAMA,11,2020,16.3,217273.0,20891.0,ALDAMA,11,2020,1.5
ALDAMA,11,2021,15.5,325485.0,22432.0,ALDAMA,11,2021,11.2
ALDAMA,12,2017,11.3,449463.0,39745.0,ALDAMA,12,2017,42.7
ALDAMA,12,2018,10.8,376393.0,38048.0,ALDAMA,12,2018,33.1
ALDAMA,12,2019,10.8,185146.0,19444.0,ALDAMA,12,2019,15.2
ALDAMA,12,2020,9.6,228070.0,21621.0,ALDAMA,12,2020,12.4
ALDAMA,12,2021,13.9,363080.0,28442.0,ALDAMA,12,2021,24.0
ALLENDE,1,2017,16.8,776635.0,94917.0,ALLENDE,1,2017,10.2
ALLENDE,1,2018,12.3,1009461.0,98194.0,ALLENDE,1,2018,16.5
ALLENDE,1,2019,14.2,785516.0,83950.0,ALLENDE,1,2019,22.5
ALLENDE,1,2020,16.2,619552.0,74070.0,ALLENDE,1,2020,13.0
ALLENDE,1,2021,14.9,745632.0,71228.0,ALLENDE,1,2021,10.0
ALLENDE,2,2017,20.4,708390.0,83434.0,ALLENDE,2,2017,7.4
ALLENDE,2,2018,18.6,772079.0,82216.0,ALLENDE,2,2018,18.0
ALLENDE,2,2019,18.2,679017.0,74110.0,ALLENDE,2,2019,2.8
ALLENDE,2,2020,16.5,605975.0,76610.0,ALLENDE,2,2020,3.5
ALLENDE,2,2021,16.3,883271.0,81031.0,ALLENDE,2,2021,6.4
ALLENDE,3,2017,22.0,788305.0,93423.0,ALLENDE,3,2017,45.0
ALLENDE,3,2018,21.5,833946.0,90191.0,ALLENDE,3,2018,3.6
ALLENDE,3,2019,19.4,768946.0,84467.0,ALLENDE,3,2019,38.2
ALLENDE,3,2020,22.9,661047.0,83544.0,ALLENDE,3,2020,15.2
ALLENDE,3,2021,20.8,710814.0,62217.0,ALLENDE,3,2021,5.5
ALLENDE,4,2017,23.8,751739.0,91782.0,ALLENDE,4,2017,50.6
ALLENDE,4,2018,21.9,760030.0,85928.0,ALLENDE,4,2018,53.8
ALLENDE,4,2019,22.7,603181.0,68688.0,ALLENDE,4,2019,13.9
ALLENDE,4,2020,24.6,572004.0,71412.0,ALLENDE,4,2020,37.0
ALLENDE,4,2021,24.1,655593.0,58989.0,ALLENDE,4,2021,22.6
ALLENDE,5,2017,26.2,730560.0,89152.0,ALLENDE,5,2017,7.0
ALLENDE,5,2018,26.1,743971.0,76691.0,ALLENDE,5,2018,47.9
ALLENDE,5,2019,26.5,462788.0,53868.0,ALLENDE,5,2019,54.6
ALLENDE,5,2020,26.0,576319.0,67143.0,ALLENDE,5,2020,80.5
ALLENDE,5,2021,26.0,593438.0,55833.0,ALLENDE,5,2021,79.2
ALLENDE,6,2017,28.3,652615.0,80148.0,ALLENDE,6,2017,45.6
ALLENDE,6,2018,27.8,713323.0,71094.0,ALLENDE,6,2018,82.0
ALLENDE,6,2019,28.2,401914.0,50618.0,ALLENDE,6,2019,75.9
ALLENDE,6,2020,26.7,598163.0,69300.0,ALLENDE,6,2020,72.7
ALLENDE,6,2021,26.9,614972.0,55040.0,ALLENDE,6,2021,90.1
ALLENDE,7,2017,28.0,653685.0,83098.0,ALLENDE,7,2017,31.0
ALLENDE,7,2018,28.1,670211.0,66970.0,ALLENDE,7,2018,37.8
ALLENDE,7,2019,27.9,466399.0,59415.0,ALLENDE,7,2019,31.1
ALLENDE,7,2020,28.3,608777.0,70381.0,ALLENDE,7,2020,171.4
ALLENDE,7,2021,26.4,700474.0,59527.0,ALLENDE,7,2021,99.9
ALLENDE,8,2017,28.6,645586.0,77157.0,ALLENDE,8,2017,40.6
ALLENDE,8,2018,28.6,669483.0,67287.0,ALLENDE,8,2018,21.3
ALLENDE,8,2019,29.8,474591.0,61271.0,ALLENDE,8,2019,31.0
ALLENDE,8,2020,27.8,579120.0,64710.0,ALLENDE,8,2020,14.8
ALLENDE,8,2021,27.5,633184.0,55693.0,ALLENDE,8,2021,43.2
ALLENDE,9,2017,26.2,691404.0,79113.0,ALLENDE,9,2017,172.1
ALLENDE,9,2018,25.9,690825.0,65128.0,ALLENDE,9,2018,226.9
ALLENDE,9,2019,26.4,483190.0,61549.0,ALLENDE,9,2019,166.2
ALLENDE,9,2020,24.7,642556.0,69774.0,ALLENDE,9,2020,102.8
ALLENDE,9,2021,26.4,673950.0,53825.0,ALLENDE,9,2021,42.1
ALLENDE,10,2017,21.6,840568.0,85791.0,ALLENDE,10,2017,64.9
ALLENDE,10,2018,22.1,793130.0,75108.0,ALLENDE,10,2018,46.6
ALLENDE,10,2019,23.4,546394.0,66804.0,ALLENDE,10,2019,28.6
ALLENDE,10,2020,22.5,662019.0,70814.0,ALLENDE,10,2020,2.7
ALLENDE,10,2021,23.7,770846.0,56098.0,ALLENDE,10,2021,46.1
ALLENDE,11,2017,19.6,902017.0,88699.0,ALLENDE,11,2017,7.8
ALLENDE,11,2018,16.3,853151.0,86622.0,ALLENDE,11,2018,14.2
ALLENDE,11,2019,18.3,657795.0,77802.0,ALLENDE,11,2019,26.7
ALLENDE,11,2020,20.2,611854.0,65778.0,ALLENDE,11,2020,3.8
ALLENDE,11,2021,18.6,901704.0,63949.0,ALLENDE,11,2021,40.4
ALLENDE,12,2017,14.6,1083578.0,106833.0,ALLENDE,12,2017,34.2
ALLENDE,12,2018,14.8,941951.0,97147.0,ALLENDE,12,2018,16.6
ALLENDE,12,2019,16.2,745298.0,86092.0,ALLENDE,12,2019,7.5
ALLENDE,12,2020,14.3,814322.0,86075.0,ALLENDE,12,2020,8.0
ALLENDE,12,2021,19.0,859973.0,67973.0,ALLENDE,12,2021,12.0
CALPULALPAN,1,2017,12.5,522378.0,67137.0,CALPULALPAN,1,2017,0.4
CALPULALPAN,1,2018,11.1,416190.0,43131.0,CALPULALPAN,1,2018,5.6
CALPULALPAN,2,2017,13.5,482866.0,61056.0,CALPULALPAN,2,2017,0.4
CALPULALPAN,2,2018,14.4,331624.0,36015.0,CALPULALPAN,2,2018,10.3
CALPULALPAN,3,2017,14.5,611726.0,79291.0,CALPULALPAN,3,2017,21.2
CALPULALPAN,3,2018,16.4,401695.0,45606.0,CALPULALPAN,3,2018,5.7
CALPULALPAN,4,2017,16.1,533775.0,69291.0,CALPULALPAN,4,2017,19.4
CALPULALPAN,4,2018,16.4,458834.0,55031.0,CALPULALPAN,4,2018,65.8
CALPULALPAN,5,2017,18.4,548932.0,71390.0,CALPULALPAN,5,2017,79.9
CALPULALPAN,5,2018,17.6,505495.0,56655.0,CALPULALPAN,5,2018,45.7
CALPULALPAN,6,2017,17.2,597487.0,79404.0,CALPULALPAN,6,2017,98.5
CALPULALPAN,6,2018,17.0,454120.0,50168.0,CALPULALPAN,6,2018,149.4
CALPULALPAN,7,2017,16.7,579668.0,77828.0,CALPULALPAN,7,2017,146.6
CALPULALPAN,7,2018,16.6,487359.0,54125.0,CALPULALPAN,7,2018,52.1
CALPULALPAN,8,2017,17.5,553937.0,72846.0,CALPULALPAN,8,2017,167.4
CALPULALPAN,8,2018,16.6,364342.0,40443.0,CALPULALPAN,8,2018,124.6
CALPULALPAN,9,2017,17.1,585056.0,73654.0,CALPULALPAN,9,2017,123.6
CALPULALPAN,10,2017,15.5,633277.0,72542.0,CALPULALPAN,10,2017,30.3
CALPULALPAN,11,2017,13.5,543605.0,58889.0,CALPULALPAN,11,2017,2.4
CALPULALPAN,12,2017,12.8,539283.0,57043.0,CALPULALPAN,12,2017,0.2
CD. VICTORIA,1,2017,20.3,715542.0,87200.0,CD. VICTORIA,1,2017,8.3
CD. VICTORIA,1,2018,15.1,581270.0,54798.0,CD. VICTORIA,1,2018,27.3
CD. VICTORIA,1,2019,17.4,830154.0,85360.0,CD. VICTORIA,1,2019,25.2
CD. VICTORIA,1,2020,19.5,552391.0,60380.0,CD. VICTORIA,1,2020,19.9
CD. VICTORIA,1,2021,18.4,854140.0,87506.0,CD. VICTORIA,1,2021,17.3
CD. VICTORIA,2,2017,23.2,735161.0,86543.0,CD. VICTORIA,2,2017,14.9
CD. VICTORIA,2,2018,22.0,592499.0,58256.0,CD. VICTORIA,2,2018,12.4
CD. VICTORIA,2,2019,21.0,710670.0,73129.0,CD. VICTORIA,2,2019,7.5
CD. VICTORIA,2,2020,19.1,655004.0,73736.0,CD. VICTORIA,2,2020,3.1
CD. VICTORIA,2,2021,18.3,871150.0,86857.0,CD. VICTORIA,2,2021,13.3
CD. VICTORIA,3,2017,24.1,780604.0,89952.0,CD. VICTORIA,3,2017,36.2
CD. VICTORIA,3,2018,23.9,622970.0,65980.0,CD. VICTORIA,3,2018,12.2
CD. VICTORIA,3,2019,22.2,767800.0,80255.0,CD. VICTORIA,3,2019,36.2
CD. VICTORIA,3,2020,25.2,712581.0,81420.0,CD. VICTORIA,3,2020,12.9
CD. VICTORIA,3,2021,23.0,880628.0,82536.0,CD. VICTORIA,3,2021,10.5
CD. VICTORIA,4,2017,26.0,656513.0,74698.0,CD. VICTORIA,4,2017,57.9
CD. VICTORIA,4,2018,24.5,609167.0,67093.0,CD. VICTORIA,4,2018,79.0
CD. VICTORIA,4,2019,25.1,610843.0,65068.0,CD. VICTORIA,4,2019,10.1
CD. VICTORIA,4,2020,27.7,663681.0,76107.0,CD. VICTORIA,4,2020,35.9
CD. VICTORIA,4,2021,26.3,800538.0,69425.0,CD. VICTORIA,4,2021,16.5
CD. VICTORIA,5,2017,28.1,726128.0,83026.0,CD. VICTORIA,5,2017,70.8
CD. VICTORIA,5,2018,28.0,666340.0,67759.0,CD. VICTORIA,5,2018,62.6
CD. VICTORIA,5,2019,29.3,580398.0,62311.0,CD. VICTORIA,5,2019,50.7
CD. VICTORIA,5,2020,28.2,684969.0,75743.0,CD. VICTORIA,5,2020,120.0
CD. VICTORIA,5,2021,28.2,760078.0,64280.0,CD. VICTORIA,5,2021,99.9
CD. VICTORIA,6,2017,29.9,611911.0,71271.0,CD. VICTORIA,6,2017,61.7
CD. VICTORIA,6,2018,29.3,554253.0,54797.0,CD. VICTORIA,6,2018,124.7
CD. VICTORIA,6,2019,30.4,528009.0,58605.0,CD. VICTORIA,6,2019,132.0
CD. VICTORIA,6,2020,28.7,776745.0,83910.0,CD. VICTORIA,6,2020,117.3
CD. VICTORIA,6,2021,28.7,706326.0,58246.0,CD. VICTORIA,6,2021,116.5
CD. VICTORIA,7,2017,29.1,604796.0,71936.0,CD. VICTORIA,7,2017,79.0
CD. VICTORIA,7,2018,30.0,507026.0,51333.0,CD. VICTORIA,7,2018,26.2
CD. VICTORIA,7,2019,30.0,398524.0,44250.0,CD. VICTORIA,7,2019,38.0
CD. VICTORIA,7,2020,30.2,707742.0,74623.0,CD. VICTORIA,7,2020,128.5
CD. VICTORIA,7,2021,28.6,794435.0,69049.0,CD. VICTORIA,7,2021,168.8
CD. VICTORIA,8,2017,30.2,715335.0,81986.0,CD. VICTORIA,8,2017,68.3
CD. VICTORIA,8,2018,30.1,505277.0,50981.0,CD. VICTORIA,8,2018,29.4
CD. VICTORIA,8,2019,31.6,378928.0,41768.0,CD. VICTORIA,8,2019,19.9
CD. VICTORIA,8,2020,29.4,704857.0,73341.0,CD. VICTORIA,8,2020,53.2
CD. VICTORIA,8,2021,29.7,958878.0,79253.0,CD. VICTORIA,8,2021,52.5
CD. VICTORIA,9,2017,28.1,649924.0,71696.0,CD. VICTORIA,9,2017,129.2
CD. VICTORIA,9,2018,28.6,542158.0,51528.0,CD. VICTORIA,9,2018,203.5
CD. VICTORIA,9,2019,28.8,381653.0,41956.0,CD. VICTORIA,9,2019,142.2
CD. VICTORIA,9,2020,27.4,809650.0,85079.0,CD. VICTORIA,9,2020,105.9
CD. VICTORIA,9,2021,28.5,961890.0,73437.0,CD. VICTORIA,9,2021,97.4
CD. VICTORIA,10,2017,24.2,712248.0,72929.0,CD. VICTORIA,10,2017,113.9
CD. VICTORIA,10,2018,24.9,534251.0,50751.0,CD. VICTORIA,10,2018,75.3
CD. VICTORIA,10,2019,25.6,427441.0,46428.0,CD. VICTORIA,10,2019,78.7
CD. VICTORIA,10,2020,25.4,813018.0,85383.0,CD. VICTORIA,10,2020,17.6
CD. VICTORIA,10,2021,26.1,1135102.0,79867.0,CD. VICTORIA,10,2021,81.5
CD. VICTORIA,11,2017,22.7,718053.0,70061.0,CD. VICTORIA,11,2017,12.2
CD. VICTORIA,11,2018,19.4,710126.0,71172.0,CD. VICTORIA,11,2018,18.4
CD. VICTORIA,11,2019,20.4,490700.0,52191.0,CD. VICTORIA,11,2019,25.9
CD. VICTORIA,11,2020,23.2,798723.0,85741.0,CD. VICTORIA,11,2020,10.4
CD. VICTORIA,11,2021,21.6,1220536.0,86050.0,CD. VICTORIA,11,2021,53.5
CD. VICTORIA,12,2017,18.4,713918.0,68975.0,CD. VICTORIA,12,2017,14.2
CD. VICTORIA,12,2018,17.9,823340.0,83783.0,CD. VICTORIA,12,2018,6.9
CD. VICTORIA,12,2019,19.1,483925.0,50434.0,CD. VICTORIA,12,2019,12.7
CD. VICTORIA,12,2020,17.9,938185.0,99320.0,CD. VICTORIA,12,2020,6.5
CD. VICTORIA,12,2021,22.2,972306.0,77221.0,CD. VICTORIA,12,2021,12.6
Cd Valles,1,2017,19.2,542080.0,64211.0,Cd Valles,1,2017,1.7
Cd Valles,1,2021,18.6,1313399.0,115616.0,Cd Valles,1,2021,9.4
Cd Valles,2,2017,21.9,519902.0,60223.0,Cd Valles,2,2017,3.6
Cd Valles,2,2021,19.7,1194591.0,102429.0,Cd Valles,2,2021,3.0
Cd Valles,3,2017,22.8,337263.0,38261.0,Cd Valles,3,2017,25.2
Cd Valles,3,2021,23.6,1267756.0,105982.0,Cd Valles,3,2021,2.9
Cd Valles,4,2017,25.3,251975.0,28095.0,Cd Valles,4,2017,28.1
Cd Valles,4,2021,26.5,1203931.0,102964.0,Cd Valles,4,2021,13.5
Cd Valles,5,2017,27.4,85630.0,9357.0,Cd Valles,5,2017,40.9
Cd Valles,5,2020,27.6,78872.0,8431.0,Cd Valles,5,2020,47.1
Cd Valles,5,2021,27.1,1168088.0,102020.0,Cd Valles,5,2021,55.0
Cd Valles,6,2020,27.9,645181.0,69758.0,Cd Valles,6,2020,65.4
Cd Valles,6,2021,26.2,1193789.0,100132.0,Cd Valles,6,2021,116.4
Cd Valles,7,2020,28.4,778345.0,81623.0,Cd Valles,7,2020,96.2
Cd Valles,7,2021,25.9,1274691.0,101153.0,Cd Valles,7,2021,123.4
Cd Valles,8,2020,27.3,769377.0,79123.0,Cd Valles,8,2020,56.8
Cd Valles,8,2021,26.2,1210386.0,91802.0,Cd Valles,8,2021,103.4
Cd Valles,9,2020,25.9,953821.0,98534.0,Cd Valles,9,2020,81.3
Cd Valles,9,2021,25.3,1274083.0,92931.0,Cd Valles,9,2021,114.0
Cd Valles,10,2020,24.2,1005103.0,100975.0,Cd Valles,10,2020,9.6
Cd Valles,10,2021,24.1,1304456.0,87765.0,Cd Valles,10,2021,58.5
Cd Valles,11,2020,22.3,1103292.0,109523.0,Cd Valles,11,2020,15.6
Cd Valles,11,2021,20.3,1339435.0,94756.0,Cd Valles,11,2021,11.9
Cd Valles,12,2020,17.6,1396159.0,135797.0,Cd Valles,12,2020,2.8
Cd Valles,12,2021,20.7,1386511.0,118738.0,Cd Valles,12,2021,3.8
GALEANA,1,2017,16.8,429899.0,50090.0,GALEANA,1,2017,10.2
GALEANA,1,2018,12.3,486741.0,47458.0,GALEANA,1,2018,16.5
GALEANA,1,2019,14.2,461616.0,52224.0,GALEANA,1,2019,22.5
GALEANA,1,2020,16.2,407179.0,48733.0,GALEANA,1,2020,13.0
GALEANA,1,2021,14.9,491603.0,46538.0,GALEANA,1,2021,10.0
GALEANA,2,2017,20.4,404541.0,45767.0,GALEANA,2,2017,7.4
GALEANA,2,2018,18.6,425789.0,45483.0,GALEANA,2,2018,18.0
GALEANA,2,2019,18.2,396844.0,45164.0,GALEANA,2,2019,2.8
GALEANA,2,2020,16.5,357150.0,45902.0,GALEANA,2,2020,3.5
GALEANA,2,2021,16.3,460069.0,41919.0,GALEANA,2,2021,6.4
GALEANA,3,2017,22.0,427934.0,48431.0,GALEANA,3,2017,45.0
GALEANA,3,2018,21.5,468865.0,50809.0,GALEANA,3,2018,3.6
GALEANA,3,2019,19.4,466952.0,52781.0,GALEANA,3,2019,38.2
GALEANA,3,2020,22.9,364585.0,49726.0,GALEANA,3,2020,15.2
GALEANA,3,2021,20.8,554085.0,47272.0,GALEANA,3,2021,5.5
GALEANA,4,2017,23.8,429582.0,49866.0,GALEANA,4,2017,50.6
GALEANA,4,2018,21.9,383933.0,43091.0,GALEANA,4,2018,53.8
GALEANA,4,2019,22.7,470221.0,55898.0,GALEANA,4,2019,13.9
GALEANA,4,2020,24.6,363554.0,48256.0,GALEANA,4,2020,37.0
GALEANA,4,2021,24.1,510126.0,45424.0,GALEANA,4,2021,22.6
GALEANA,5,2017,26.2,372780.0,43322.0,GALEANA,5,2017,7.0
GALEANA,5,2018,26.1,424405.0,43864.0,GALEANA,5,2018,47.9
GALEANA,5,2019,26.5,385649.0,46973.0,GALEANA,5,2019,54.6
GALEANA,5,2020,26.0,398192.0,47516.0,GALEANA,5,2020,80.5
GALEANA,5,2021,26.0,523926.0,50147.0,GALEANA,5,2021,79.2
GALEANA,6,2017,28.3,378958.0,43695.0,GALEANA,6,2017,45.6
GALEANA,6,2018,27.8,441442.0,44097.0,GALEANA,6,2018,82.0
GALEANA,6,2019,28.2,377072.0,49410.0,GALEANA,6,2019,75.9
GALEANA,6,2020,26.7,366677.0,43424.0,GALEANA,6,2020,72.7
GALEANA,6,2021,26.9,474805.0,44261.0,GALEANA,6,2021,90.1
GALEANA,7,2017,28.0,402632.0,48023.0,GALEANA,7,2017,31.0
GALEANA,7,2018,28.1,456578.0,45885.0,GALEANA,7,2018,37.8
GALEANA,7,2019,27.9,385586.0,50825.0,GALEANA,7,2019,31.1
GALEANA,7,2020,28.3,377320.0,44390.0,GALEANA,7,2020,171.4
GALEANA,7,2021,26.4,532343.0,45909.0,GALEANA,7,2021,99.9
GALEANA,8,2017,28.6,399614.0,45514.0,GALEANA,8,2017,40.6
GALEANA,8,2018,28.6,442271.0,44523.0,GALEANA,8,2018,21.3
GALEANA,8,2019,29.8,381433.0,49760.0,GALEANA,8,2019,31.0
GALEANA,8,2020,27.8,392174.0,45746.0,GALEANA,8,2020,14.8
GALEANA,8,2021,27.5,512312.0,41682.0,GALEANA,8,2021,43.2
GALEANA,9,2017,26.2,416612.0,45531.0,GALEANA,9,2017,172.1
GALEANA,9,2018,25.9,453619.0,44954.0,GALEANA,9,2018,226.9
GALEANA,9,2019,26.4,375430.0,48045.0,GALEANA,9,2019,166.2
GALEANA,9,2020,24.7,387329.0,44167.0,GALEANA,9,2020,102.8
GALEANA,9,2021,26.4,556554.0,41961.0,GALEANA,9,2021,42.1
GALEANA,10,2017,21.6,483065.0,49262.0,GALEANA,10,2017,64.9
GALEANA,10,2018,22.1,498301.0,49397.0,GALEANA,10,2018,46.6
GALEANA,10,2019,23.4,376853.0,46430.0,GALEANA,10,2019,28.6
GALEANA,10,2020,22.5,429788.0,48887.0,GALEANA,10,2020,2.7
GALEANA,10,2021,23.7,576307.0,40132.0,GALEANA,10,2021,46.1
GALEANA,11,2017,19.6,486508.0,47704.0,GALEANA,11,2017,7.8
GALEANA,11,2018,16.3,513617.0,54040.0,GALEANA,11,2018,14.2
GALEANA,11,2019,18.3,416429.0,49761.0,GALEANA,11,2019,26.7
GALEANA,11,2020,20.2,438831.0,49632.0,GALEANA,11,2020,3.8
GALEANA,11,2021,18.6,593909.0,40646.0,GALEANA,11,2021,40.4
GALEANA,12,2017,14.6,567267.0,55899.0,GALEANA,12,2017,34.2
GALEANA,12,2018,14.8,593240.0,61792.0,GALEANA,12,2018,16.6
GALEANA,12,2019,16.2,486709.0,56170.0,GALEANA,12,2019,7.5
GALEANA,12,2020,14.3,542837.0,57905.0,GALEANA,12,2020,8.0
GALEANA,12,2021,19.0,614047.0,47542.0,GALEANA,12,2021,12.0
HILDA G GARCIA,2,2018,18.0,4351790.0,413438.0,HILDA G GARCIA,2,2018,7.0
HILDA G GARCIA,3,2018,20.5,4557794.0,457593.0,HILDA G GARCIA,3,2018,2.4
HILDA G GARCIA,4,2018,22.2,3788040.0,393178.0,HILDA G GARCIA,4,2018,7.2
HILDA G GARCIA,5,2018,27.4,3692062.0,350028.0,HILDA G GARCIA,5,2018,11.7
HILDA G GARCIA,6,2018,29.4,3522964.0,326433.0,HILDA G GARCIA,6,2018,30.8
HILDA G GARCIA,7,2018,28.7,3661996.0,349864.0,HILDA G GARCIA,7,2018,29.0
HILDA G GARCIA,8,2018,28.7,3832047.0,367147.0,HILDA G GARCIA,8,2018,41.0
HILDA G GARCIA,9,2018,24.7,4352115.0,407619.0,HILDA G GARCIA,9,2018,172.8
HILDA G GARCIA,10,2018,21.5,4861989.0,447676.0,HILDA G GARCIA,10,2018,67.4
HILDA G GARCIA,11,2018,15.5,5521249.0,509034.0,HILDA G GARCIA,11,2018,7.7
HILDA G GARCIA,12,2018,13.6,6243694.0,579334.0,HILDA G GARCIA,12,2018,19.3
JIMENEZ,1,2017,20.3,499651.0,61043.0,JIMENEZ,1,2017,8.3
JIMENEZ,1,2018,15.1,560747.0,51831.0,JIMENEZ,1,2018,27.3
JIMENEZ,1,2019,17.4,647691.0,62438.0,JIMENEZ,1,2019,25.2
JIMENEZ,1,2020,19.5,659970.0,71785.0,JIMENEZ,1,2020,19.9
JIMENEZ,1,2021,18.4,797309.0,80342.0,JIMENEZ,1,2021,17.3
JIMENEZ,2,2017,23.2,474038.0,57096.0,JIMENEZ,2,2017,14.9
JIMENEZ,2,2018,22.0,458593.0,43842.0,JIMENEZ,2,2018,12.4
JIMENEZ,2,2019,21.0,590890.0,59825.0,JIMENEZ,2,2019,7.5
JIMENEZ,2,2020,19.1,561538.0,61692.0,JIMENEZ,2,2020,3.1
JIMENEZ,2,2021,18.3,781775.0,74562.0,JIMENEZ,2,2021,13.3
JIMENEZ,3,2017,24.1,569562.0,67222.0,JIMENEZ,3,2017,36.2
JIMENEZ,3,2018,23.9,480020.0,49500.0,JIMENEZ,3,2018,12.2
JIMENEZ,3,2019,22.2,634487.0,64797.0,JIMENEZ,3,2019,36.2
JIMENEZ,3,2020,25.2,582682.0,66144.0,JIMENEZ,3,2020,12.9
JIMENEZ,3,2021,23.0,879953.0,80363.0,JIMENEZ,3,2021,10.5
JIMENEZ,4,2017,26.0,599093.0,69716.0,JIMENEZ,4,2017,57.9
JIMENEZ,4,2018,24.5,423255.0,45173.0,JIMENEZ,4,2018,79.0
JIMENEZ,4,2019,25.1,615876.0,64591.0,JIMENEZ,4,2019,10.1
JIMENEZ,4,2020,27.7,552182.0,67916.0,JIMENEZ,4,2020,35.9
JIMENEZ,4,2021,26.3,943519.0,81843.0,JIMENEZ,4,2021,16.5
JIMENEZ,5,2017,28.1,539101.0,63133.0,JIMENEZ,5,2017,70.8
JIMENEZ,5,2018,28.0,413084.0,40532.0,JIMENEZ,5,2018,62.6
JIMENEZ,5,2019,29.3,583741.0,62606.0,JIMENEZ,5,2019,50.7
JIMENEZ,5,2020,28.2,579968.0,68146.0,JIMENEZ,5,2020,120.0
JIMENEZ,5,2021,28.2,917700.0,81910.0,JIMENEZ,5,2021,99.9
JIMENEZ,6,2017,29.9,484037.0,57858.0,JIMENEZ,6,2017,61.7
JIMENEZ,6,2018,29.3,403650.0,45155.0,JIMENEZ,6,2018,124.7
JIMENEZ,6,2019,30.4,517843.0,57548.0,JIMENEZ,6,2019,132.0
JIMENEZ,6,2020,28.7,557064.0,63126.0,JIMENEZ,6,2020,117.3
JIMENEZ,6,2021,28.7,804497.0,67851.0,JIMENEZ,6,2021,116.5
JIMENEZ,7,2017,29.1,494023.0,60274.0,JIMENEZ,7,2017,79.0
JIMENEZ,7,2018,30.0,526546.0,66610.0,JIMENEZ,7,2018,26.2
JIMENEZ,7,2019,30.0,528785.0,58657.0,JIMENEZ,7,2019,38.0
JIMENEZ,7,2020,30.2,635833.0,72480.0,JIMENEZ,7,2020,128.5
JIMENEZ,7,2021,28.6,752545.0,60309.0,JIMENEZ,7,2021,168.8
JIMENEZ,8,2017,30.2,473914.0,55480.0,JIMENEZ,8,2017,68.3
JIMENEZ,8,2018,30.1,579655.0,69527.0,JIMENEZ,8,2018,29.4
JIMENEZ,8,2019,31.6,458114.0,50561.0,JIMENEZ,8,2019,19.9
JIMENEZ,8,2020,29.4,632893.0,71533.0,JIMENEZ,8,2020,53.2
JIMENEZ,8,2021,29.7,737642.0,60834.0,JIMENEZ,8,2021,52.5
JIMENEZ,9,2017,28.1,471806.0,52161.0,JIMENEZ,9,2017,129.2
JIMENEZ,9,2018,28.6,558750.0,65711.0,JIMENEZ,9,2018,203.5
JIMENEZ,9,2019,28.8,477419.0,51317.0,JIMENEZ,9,2019,142.2
JIMENEZ,9,2020,27.4,639028.0,72058.0,JIMENEZ,9,2020,105.9
JIMENEZ,9,2021,28.5,786144.0,60313.0,JIMENEZ,9,2021,97.4
JIMENEZ,10,2017,24.2,556597.0,56053.0,JIMENEZ,10,2017,113.9
JIMENEZ,10,2018,24.9,620606.0,66154.0,JIMENEZ,10,2018,75.3
JIMENEZ,10,2019,25.6,513900.0,55499.0,JIMENEZ,10,2019,78.7
JIMENEZ,10,2020,25.4,698822.0,79466.0,JIMENEZ,10,2020,17.6
JIMENEZ,10,2021,26.1,956455.0,67073.0,JIMENEZ,10,2021,81.5
JIMENEZ,11,2017,22.7,590713.0,56463.0,JIMENEZ,11,2017,12.2
JIMENEZ,11,2018,19.4,683177.0,64849.0,JIMENEZ,11,2018,18.4
JIMENEZ,11,2019,20.4,618800.0,66594.0,JIMENEZ,11,2019,25.9
JIMENEZ,11,2020,23.2,730150.0,82913.0,JIMENEZ,11,2020,10.4
JIMENEZ,11,2021,21.6,1064517.0,75388.0,JIMENEZ,11,2021,53.5
JIMENEZ,12,2017,18.4,675892.0,63912.0,JIMENEZ,12,2017,14.2
JIMENEZ,12,2018,17.9,774044.0,74466.0,JIMENEZ,12,2018,6.9
JIMENEZ,12,2019,19.1,671767.0,71548.0,JIMENEZ,12,2019,12.7
JIMENEZ,12,2020,17.9,850389.0,94237.0,JIMENEZ,12,2020,6.5
JIMENEZ,12,2021,22.2,956657.0,76806.0,JIMENEZ,12,2021,12.6
LAREDO,11,2018,19.4,1405464.0,143336.0,LAREDO,11,2018,18.4
LAREDO,12,2018,17.9,2587024.0,269542.0,LAREDO,12,2018,6.9
LINARES,1,2017,16.8,1281933.0,156445.0,LINARES,1,2017,10.2
LINARES,1,2018,12.3,1335437.0,132429.0,LINARES,1,2018,16.5
LINARES,1,2019,14.2,1160782.0,134273.0,LINARES,1,2019,22.5
LINARES,1,2020,16.2,1032546.0,127984.0,LINARES,1,2020,13.0
LINARES,1,2021,14.9,1210932.0,126831.0,LINARES,1,2021,10.0
LINARES,2,2017,20.4,1192453.0,142197.0,LINARES,2,2017,7.4
LINARES,2,2018,18.6,1091782.0,118902.0,LINARES,2,2018,18.0
LINARES,2,2019,18.2,1026734.0,119082.0,LINARES,2,2019,2.8
LINARES,2,2020,16.5,955411.0,129151.0,LINARES,2,2020,3.5
LINARES,2,2021,16.3,1255636.0,125241.0,LINARES,2,2021,6.4
LINARES,3,2017,22.0,1300600.0,156387.0,LINARES,3,2017,45.0
LINARES,3,2018,21.5,1126715.0,125413.0,LINARES,3,2018,3.6
LINARES,3,2019,19.4,1187724.0,137928.0,LINARES,3,2019,38.2
LINARES,3,2020,22.9,978189.0,140751.0,LINARES,3,2020,15.2
LINARES,3,2021,20.8,1328479.0,125004.0,LINARES,3,2021,5.5
LINARES,4,2017,23.8,1227446.0,150081.0,LINARES,4,2017,50.6
LINARES,4,2018,21.9,973870.0,113167.0,LINARES,4,2018,53.8
LINARES,4,2019,22.7,1082505.0,133445.0,LINARES,4,2019,13.9
LINARES,4,2020,24.6,834445.0,117832.0,LINARES,4,2020,37.0
LINARES,4,2021,24.1,1229382.0,118787.0,LINARES,4,2021,22.6
LINARES,5,2017,26.2,1184250.0,143675.0,LINARES,5,2017,7.0
LINARES,5,2018,26.1,966954.0,101777.0,LINARES,5,2018,47.9
LINARES,5,2019,26.5,949666.0,119811.0,LINARES,5,2019,54.6
LINARES,5,2020,26.0,819147.0,104141.0,LINARES,5,2020,80.5
LINARES,5,2021,26.0,1243929.0,130134.0,LINARES,5,2021,79.2
LINARES,6,2017,28.3,1134674.0,137413.0,LINARES,6,2017,45.6
LINARES,6,2018,27.8,918686.0,93452.0,LINARES,6,2018,82.0
LINARES,6,2019,28.2,794220.0,107648.0,LINARES,6,2019,75.9
LINARES,6,2020,26.7,807084.0,99746.0,LINARES,6,2020,72.7
LINARES,6,2021,26.9,1191131.0,119940.0,LINARES,6,2021,90.1
LINARES,7,2017,28.0,1099797.0,137660.0,LINARES,7,2017,31.0
LINARES,7,2018,28.1,843942.0,86558.0,LINARES,7,2018,37.8
LINARES,7,2019,27.9,783550.0,106799.0,LINARES,7,2019,31.1
LINARES,7,2020,28.3,846689.0,104406.0,LINARES,7,2020,171.4
LINARES,7,2021,26.4,1302340.0,120228.0,LINARES,7,2021,99.9
LINARES,8,2017,28.6,1077300.0,126766.0,LINARES,8,2017,40.6
LINARES,8,2018,28.6,875150.0,90931.0,LINARES,8,2018,21.3
LINARES,8,2019,29.8,741336.0,100204.0,LINARES,8,2019,31.0
LINARES,8,2020,27.8,870128.0,106035.0,LINARES,8,2020,14.8
LINARES,8,2021,27.5,1277400.0,109687.0,LINARES,8,2021,43.2
LINARES,9,2017,26.2,1090123.0,125580.0,LINARES,9,2017,172.1
LINARES,9,2018,25.9,984708.0,99045.0,LINARES,9,2018,226.9
LINARES,9,2019,26.4,758278.0,99780.0,LINARES,9,2019,166.2
LINARES,9,2020,24.7,900807.0,106229.0,LINARES,9,2020,102.8
LINARES,9,2021,26.4,1314996.0,100423.0,LINARES,9,2021,42.1
LINARES,10,2017,21.6,1246798.0,129657.0,LINARES,10,2017,64.9
LINARES,10,2018,22.1,1151946.0,114507.0,LINARES,10,2018,46.6
LINARES,10,2019,23.4,832883.0,104956.0,LINARES,10,2019,28.6
LINARES,10,2020,22.5,980040.0,116071.0,LINARES,10,2020,2.7
LINARES,10,2021,23.7,1463738.0,103619.0,LINARES,10,2021,46.1
LINARES,11,2017,19.6,1280604.0,127869.0,LINARES,11,2017,7.8
LINARES,11,2018,16.3,1185678.0,127312.0,LINARES,11,2018,14.2
LINARES,11,2019,18.3,1030158.0,126068.0,LINARES,11,2019,26.7
LINARES,11,2020,20.2,981351.0,116492.0,LINARES,11,2020,3.8
LINARES,11,2021,18.6,1553693.0,110033.0,LINARES,11,2021,40.4
LINARES,12,2017,14.6,1543216.0,155146.0,LINARES,12,2017,34.2
LINARES,12,2018,14.8,1326272.0,142085.0,LINARES,12,2018,16.6
LINARES,12,2019,16.2,1213980.0,144104.0,LINARES,12,2019,7.5
LINARES,12,2020,14.3,1215362.0,140789.0,LINARES,12,2020,8.0
LINARES,12,2021,19.0,1546575.0,121746.0,LINARES,12,2021,12.0
MATEHUALA,1,2017,19.2,1263553.0,147223.0,MATEHUALA,1,2017,1.7
MATEHUALA,1,2018,15.5,1402595.0,130976.0,MATEHUALA,1,2018,19.5
MATEHUALA,1,2019,18.4,1361638.0,135512.0,MATEHUALA,1,2019,14.2
MATEHUALA,1,2020,18.8,1407709.0,144327.0,MATEHUALA,1,2020,29.0
MATEHUALA,1,2021,18.6,1539396.0,132385.0,MATEHUALA,1,2021,9.4
MATEHUALA,2,2017,21.9,1190564.0,135837.0,MATEHUALA,2,2017,3.6
MATEHUALA,2,2018,21.9,1150429.0,113182.0,MATEHUALA,2,2018,20.8
MATEHUALA,2,2019,21.8,1120720.0,110790.0,MATEHUALA,2,2019,3.4
MATEHUALA,2,2020,20.0,1265217.0,130837.0,MATEHUALA,2,2020,6.0
MATEHUALA,2,2021,19.7,1308952.0,107033.0,MATEHUALA,2,2021,3.0
MATEHUALA,3,2017,22.8,1282926.0,144226.0,MATEHUALA,3,2017,25.2
MATEHUALA,3,2018,23.7,1249568.0,123943.0,MATEHUALA,3,2018,7.3
MATEHUALA,3,2019,22.2,1249450.0,121778.0,MATEHUALA,3,2019,13.7
MATEHUALA,3,2020,24.6,1319760.0,135860.0,MATEHUALA,3,2020,8.6
MATEHUALA,3,2021,23.6,1489611.0,120018.0,MATEHUALA,3,2021,2.9
MATEHUALA,4,2017,25.3,1261424.0,140443.0,MATEHUALA,4,2017,28.1
MATEHUALA,4,2018,24.1,1095230.0,114884.0,MATEHUALA,4,2018,41.6
MATEHUALA,4,2019,25.5,1248094.0,128294.0,MATEHUALA,4,2019,2.2
MATEHUALA,4,2020,28.2,1189229.0,121573.0,MATEHUALA,4,2020,28.1
MATEHUALA,4,2021,26.5,1377502.0,112170.0,MATEHUALA,4,2021,13.5
MATEHUALA,5,2017,27.4,1147851.0,125556.0,MATEHUALA,5,2017,40.9
MATEHUALA,5,2018,26.8,1142256.0,110217.0,MATEHUALA,5,2018,47.4
MATEHUALA,5,2019,29.2,1047674.0,108921.0,MATEHUALA,5,2019,29.3
MATEHUALA,5,2020,27.6,1190451.0,116191.0,MATEHUALA,5,2020,47.1
MATEHUALA,5,2021,27.1,1326414.0,109892.0,MATEHUALA,5,2021,55.0
MATEHUALA,6,2017,27.8,1113689.0,118892.0,MATEHUALA,6,2017,62.5
MATEHUALA,6,2018,27.4,1186180.0,110250.0,MATEHUALA,6,2018,131.6
MATEHUALA,6,2019,28.5,1047734.0,114356.0,MATEHUALA,6,2019,124.9
MATEHUALA,6,2020,27.9,1140697.0,108769.0,MATEHUALA,6,2020,65.4
MATEHUALA,6,2021,26.2,1252784.0,101862.0,MATEHUALA,6,2021,116.4
MATEHUALA,7,2017,25.7,1239579.0,136542.0,MATEHUALA,7,2017,118.1
MATEHUALA,7,2018,27.4,1227295.0,113807.0,MATEHUALA,7,2018,25.1
MATEHUALA,7,2019,27.7,1098097.0,121573.0,MATEHUALA,7,2019,34.5
MATEHUALA,7,2020,28.4,1254239.0,120608.0,MATEHUALA,7,2020,96.2
MATEHUALA,7,2021,25.9,1482817.0,113998.0,MATEHUALA,7,2021,123.4
MATEHUALA,8,2017,27.2,1263107.0,140284.0,MATEHUALA,8,2017,96.3
MATEHUALA,8,2018,27.0,1304579.0,121119.0,MATEHUALA,8,2018,67.0
MATEHUALA,8,2019,29.0,1015493.0,112958.0,MATEHUALA,8,2019,59.3
MATEHUALA,8,2020,27.3,1233989.0,117502.0,MATEHUALA,8,2020,56.8
MATEHUALA,8,2021,26.2,1375353.0,104949.0,MATEHUALA,8,2021,103.4
MATEHUALA,9,2017,25.0,1278127.0,139523.0,MATEHUALA,9,2017,145.0
MATEHUALA,9,2018,26.5,1336472.0,121052.0,MATEHUALA,9,2018,164.1
MATEHUALA,9,2019,26.8,1050478.0,113738.0,MATEHUALA,9,2019,86.6
MATEHUALA,9,2020,25.9,1228735.0,115849.0,MATEHUALA,9,2020,81.3
MATEHUALA,9,2021,25.3,1336635.0,98651.0,MATEHUALA,9,2021,114.0
MATEHUALA,10,2017,22.6,1298110.0,127464.0,MATEHUALA,10,2017,85.8
MATEHUALA,10,2018,23.9,1435182.0,129835.0,MATEHUALA,10,2018,74.6
MATEHUALA,10,2019,25.0,1136189.0,121060.0,MATEHUALA,10,2019,72.3
MATEHUALA,10,2020,24.2,1324820.0,125839.0,MATEHUALA,10,2020,9.6
MATEHUALA,10,2021,24.1,1448006.0,99648.0,MATEHUALA,10,2021,58.5
MATEHUALA,11,2017,21.5,1335770.0,126032.0,MATEHUALA,11,2017,1.4
MATEHUALA,11,2018,19.9,1448399.0,136054.0,MATEHUALA,11,2018,30.9
MATEHUALA,11,2019,21.2,1267782.0,131041.0,MATEHUALA,11,2019,24.5
MATEHUALA,11,2020,22.3,1330052.0,126494.0,MATEHUALA,11,2020,15.6
MATEHUALA,11,2021,20.3,1553986.0,109638.0,MATEHUALA,11,2021,11.9
MATEHUALA,12,2017,17.7,1735576.0,164652.0,MATEHUALA,12,2017,9.1
MATEHUALA,12,2018,18.1,1760784.0,171316.0,MATEHUALA,12,2018,5.5
MATEHUALA,12,2019,19.1,1583198.0,159410.0,MATEHUALA,12,2019,16.1
MATEHUALA,12,2020,17.6,1677046.0,157897.0,MATEHUALA,12,2020,2.8
MATEHUALA,12,2021,20.7,1689251.0,134126.0,MATEHUALA,12,2021,3.8
MONCLOVA,1,2017,16.3,755148.0,87578.0,MONCLOVA,1,2017,2.6
MONCLOVA,1,2018,11.7,1181639.0,101521.0,MONCLOVA,1,2018,0.7
MONCLOVA,2,2017,18.6,689220.0,73283.0,MONCLOVA,2,2017,11.1
MONCLOVA,2,2018,18.0,821174.0,75144.0,MONCLOVA,2,2018,7.0
MONCLOVA,3,2017,20.7,762148.0,80273.0,MONCLOVA,3,2017,23.0
MONCLOVA,3,2018,20.5,864841.0,78978.0,MONCLOVA,3,2018,2.4
MONCLOVA,4,2017,23.3,665605.0,70358.0,MONCLOVA,4,2017,15.1
MONCLOVA,4,2018,22.2,768707.0,72004.0,MONCLOVA,4,2018,7.2
MONCLOVA,5,2017,26.1,650007.0,68271.0,MONCLOVA,5,2017,40.6
MONCLOVA,5,2018,27.4,691196.0,63815.0,MONCLOVA,5,2018,11.7
MONCLOVA,6,2017,28.4,570558.0,59111.0,MONCLOVA,6,2017,22.6
MONCLOVA,6,2018,29.4,677376.0,56803.0,MONCLOVA,6,2018,30.8
MONCLOVA,7,2017,28.6,568684.0,62053.0,MONCLOVA,7,2017,37.8
MONCLOVA,7,2018,28.7,669029.0,54837.0,MONCLOVA,7,2018,29.0
MONCLOVA,8,2017,28.2,585941.0,61701.0,MONCLOVA,8,2017,45.1
MONCLOVA,8,2018,28.7,693348.0,56734.0,MONCLOVA,8,2018,41.0
MONCLOVA,9,2017,26.2,657049.0,66143.0,MONCLOVA,9,2017,108.3
MONCLOVA,9,2018,24.7,842714.0,65720.0,MONCLOVA,9,2018,172.8
MONCLOVA,10,2017,21.3,817008.0,75937.0,MONCLOVA,10,2017,15.2
MONCLOVA,10,2018,21.5,1043269.0,81251.0,MONCLOVA,10,2018,67.4
MONCLOVA,11,2017,18.7,916700.0,82125.0,MONCLOVA,11,2017,1.9
MONCLOVA,11,2018,15.5,1112660.0,93603.0,MONCLOVA,11,2018,7.7
MONCLOVA,12,2017,13.7,1407786.0,125500.0,MONCLOVA,12,2017,35.6
MONCLOVA,12,2018,13.6,1163026.0,106803.0,MONCLOVA,12,2018,19.3
MONTEMORELOS,1,2017,16.8,704601.0,84835.0,MONTEMORELOS,1,2017,10.2
MONTEMORELOS,1,2018,12.3,837446.0,80717.0,MONTEMORELOS,1,2018,16.5
MONTEMORELOS,1,2019,14.2,815867.0,85950.0,MONTEMORELOS,1,2019,22.5
MONTEMORELOS,1,2020,16.2,675020.0,80967.0,MONTEMORELOS,1,2020,13.0
MONTEMORELOS,1,2021,14.9,939681.0,86773.0,MONTEMORELOS,1,2021,10.0
MONTEMORELOS,2,2017,20.4,634327.0,74185.0,MONTEMORELOS,2,2017,7.4
MONTEMORELOS,2,2018,18.6,656272.0,69031.0,MONTEMORELOS,2,2018,18.0
MONTEMORELOS,2,2019,18.2,660135.0,71486.0,MONTEMORELOS,2,2019,2.8
MONTEMORELOS,2,2020,16.5,607333.0,76569.0,MONTEMORELOS,2,2020,3.5
MONTEMORELOS,2,2021,16.3,934530.0,83132.0,MONTEMORELOS,2,2021,6.4
MONTEMORELOS,3,2017,22.0,719085.0,84916.0,MONTEMORELOS,3,2017,45.0
MONTEMORELOS,3,2018,21.5,687736.0,73517.0,MONTEMORELOS,3,2018,3.6
MONTEMORELOS,3,2019,19.4,694487.0,75636.0,MONTEMORELOS,3,2019,38.2
MONTEMORELOS,3,2020,22.9,639101.0,80715.0,MONTEMORELOS,3,2020,15.2
MONTEMORELOS,3,2021,20.8,828805.0,69783.0,MONTEMORELOS,3,2021,5.5
MONTEMORELOS,4,2017,23.8,666735.0,81220.0,MONTEMORELOS,4,2017,50.6
MONTEMORELOS,4,2018,21.9,595560.0,66294.0,MONTEMORELOS,4,2018,53.8
MONTEMORELOS,4,2019,22.7,593774.0,67065.0,MONTEMORELOS,4,2019,13.9
MONTEMORELOS,4,2020,24.6,581053.0,72557.0,MONTEMORELOS,4,2020,37.0
MONTEMORELOS,4,2021,24.1,709881.0,61323.0,MONTEMORELOS,4,2021,22.6
MONTEMORELOS,5,2017,26.2,637532.0,77596.0,MONTEMORELOS,5,2017,7.0
MONTEMORELOS,5,2018,26.1,612608.0,63085.0,MONTEMORELOS,5,2018,47.9
MONTEMORELOS,5,2019,26.5,559655.0,65168.0,MONTEMORELOS,5,2019,54.6
MONTEMORELOS,5,2020,26.0,609482.0,70959.0,MONTEMORELOS,5,2020,80.5
MONTEMORELOS,5,2021,26.0,652334.0,59218.0,MONTEMORELOS,5,2021,79.2
MONTEMORELOS,6,2017,28.3,568050.0,69511.0,MONTEMORELOS,6,2017,45.6
MONTEMORELOS,6,2018,27.8,536052.0,53223.0,MONTEMORELOS,6,2018,82.0
MONTEMORELOS,6,2019,28.2,478526.0,60566.0,MONTEMORELOS,6,2019,75.9
MONTEMORELOS,6,2020,26.7,596225.0,68037.0,MONTEMORELOS,6,2020,72.7
MONTEMORELOS,6,2021,26.9,619358.0,53564.0,MONTEMORELOS,6,2021,90.1
MONTEMORELOS,7,2017,28.0,527720.0,66789.0,MONTEMORELOS,7,2017,31.0
MONTEMORELOS,7,2018,28.1,501739.0,49622.0,MONTEMORELOS,7,2018,37.8
MONTEMORELOS,7,2019,27.9,452306.0,58096.0,MONTEMORELOS,7,2019,31.1
MONTEMORELOS,7,2020,28.3,577443.0,65802.0,MONTEMORELOS,7,2020,171.4
MONTEMORELOS,7,2021,26.4,731935.0,58806.0,MONTEMORELOS,7,2021,99.9
MONTEMORELOS,8,2017,28.6,494643.0,58777.0,MONTEMORELOS,8,2017,40.6
MONTEMORELOS,8,2018,28.6,506960.0,50526.0,MONTEMORELOS,8,2018,21.3
MONTEMORELOS,8,2019,29.8,422215.0,53872.0,MONTEMORELOS,8,2019,31.0
MONTEMORELOS,8,2020,27.8,556869.0,61940.0,MONTEMORELOS,8,2020,14.8
MONTEMORELOS,8,2021,27.5,671379.0,57950.0,MONTEMORELOS,8,2021,43.2
MONTEMORELOS,9,2017,26.2,515700.0,58471.0,MONTEMORELOS,9,2017,172.1
MONTEMORELOS,9,2018,25.9,579349.0,54124.0,MONTEMORELOS,9,2018,226.9
MONTEMORELOS,9,2019,26.4,483682.0,61572.0,MONTEMORELOS,9,2019,166.2
MONTEMORELOS,9,2020,24.7,650720.0,69570.0,MONTEMORELOS,9,2020,102.8
MONTEMORELOS,9,2021,26.4,719879.0,54774.0,MONTEMORELOS,9,2021,42.1
MONTEMORELOS,10,2017,21.6,622532.0,62980.0,MONTEMORELOS,10,2017,64.9
MONTEMORELOS,10,2018,22.1,659081.0,61645.0,MONTEMORELOS,10,2018,46.6
MONTEMORELOS,10,2019,23.4,535504.0,65873.0,MONTEMORELOS,10,2019,28.6
MONTEMORELOS,10,2020,22.5,701838.0,74046.0,MONTEMORELOS,10,2020,2.7
MONTEMORELOS,10,2021,23.7,803726.0,56465.0,MONTEMORELOS,10,2021,46.1
MONTEMORELOS,11,2017,19.6,674358.0,65726.0,MONTEMORELOS,11,2017,7.8
MONTEMORELOS,11,2018,16.3,705555.0,70928.0,MONTEMORELOS,11,2018,14.2
MONTEMORELOS,11,2019,18.3,625962.0,74792.0,MONTEMORELOS,11,2019,26.7
MONTEMORELOS,11,2020,20.2,726160.0,76156.0,MONTEMORELOS,11,2020,3.8
MONTEMORELOS,11,2021,18.6,899961.0,63406.0,MONTEMORELOS,11,2021,40.4
MONTEMORELOS,12,2017,14.6,855558.0,83577.0,MONTEMORELOS,12,2017,34.2
MONTEMORELOS,12,2018,14.8,841019.0,85877.0,MONTEMORELOS,12,2018,16.6
MONTEMORELOS,12,2019,16.2,697703.0,81544.0,MONTEMORELOS,12,2019,7.5
MONTEMORELOS,12,2020,14.3,939430.0,96819.0,MONTEMORELOS,12,2020,8.0
MONTEMORELOS,12,2021,19.0,919431.0,72162.0,MONTEMORELOS,12,2021,12.0
POZA RICA,1,2017,20.7,913515.0,108248.0,POZA RICA,1,2017,36.9
POZA RICA,1,2018,16.9,908706.0,90138.0,POZA RICA,1,2018,112.7
POZA RICA,1,2019,18.9,924746.0,96294.0,POZA RICA,1,2019,50.6
POZA RICA,1,2020,19.4,782381.0,80908.0,POZA RICA,1,2020,85.2
POZA RICA,1,2021,19.0,876689.0,78519.0,POZA RICA,1,2021,85.0
POZA RICA,2,2017,22.0,899588.0,104103.0,POZA RICA,2,2017,32.6
POZA RICA,2,2018,21.3,781404.0,81080.0,POZA RICA,2,2018,37.2
POZA RICA,2,2019,21.9,736132.0,77450.0,POZA RICA,2,2019,15.5
POZA RICA,2,2020,20.0,816667.0,87600.0,POZA RICA,2,2020,56.6
POZA RICA,2,2021,19.9,879011.0,76093.0,POZA RICA,2,2021,25.4
POZA RICA,3,2017,22.4,938113.0,106951.0,POZA RICA,3,2017,35.3
POZA RICA,3,2018,22.8,877699.0,92105.0,POZA RICA,3,2018,57.4
POZA RICA,3,2019,22.0,749447.0,79131.0,POZA RICA,3,2019,30.3
POZA RICA,3,2020,23.7,835943.0,88979.0,POZA RICA,3,2020,8.1
POZA RICA,3,2021,22.5,883610.0,73613.0,POZA RICA,3,2021,22.7
POZA RICA,4,2017,24.6,808899.0,92798.0,POZA RICA,4,2017,65.4
POZA RICA,4,2018,23.0,782981.0,85539.0,POZA RICA,4,2018,90.1
POZA RICA,4,2019,23.8,717473.0,77287.0,POZA RICA,4,2019,8.0
POZA RICA,4,2020,26.9,640240.0,69649.0,POZA RICA,4,2020,50.7
POZA RICA,4,2021,24.9,835421.0,70821.0,POZA RICA,4,2021,32.1
POZA RICA,5,2017,26.1,745506.0,82994.0,POZA RICA,5,2017,110.0
POZA RICA,5,2018,25.1,762202.0,76703.0,POZA RICA,5,2018,35.1
POZA RICA,5,2019,27.2,624433.0,68371.0,POZA RICA,5,2019,31.6
POZA RICA,5,2020,25.9,657066.0,69119.0,POZA RICA,5,2020,135.6
POZA RICA,5,2021,25.8,817720.0,70999.0,POZA RICA,5,2021,103.5
POZA RICA,6,2017,25.8,754128.0,82331.0,POZA RICA,6,2017,181.7
POZA RICA,6,2018,25.7,697814.0,69120.0,POZA RICA,6,2018,154.0
POZA RICA,6,2019,26.2,608762.0,70916.0,POZA RICA,6,2019,162.3
POZA RICA,6,2020,25.2,661369.0,68892.0,POZA RICA,6,2020,218.0
POZA RICA,6,2021,25.1,854178.0,72316.0,POZA RICA,6,2021,276.7
POZA RICA,7,2017,24.5,738100.0,83163.0,POZA RICA,7,2017,245.1
POZA RICA,7,2018,25.3,661409.0,64571.0,POZA RICA,7,2018,120.6
POZA RICA,7,2019,25.2,602058.0,69678.0,POZA RICA,7,2019,121.7
POZA RICA,7,2020,26.0,685099.0,70793.0,POZA RICA,7,2020,107.5
POZA RICA,7,2021,24.9,979590.0,78780.0,POZA RICA,7,2021,140.9
POZA RICA,8,2017,25.5,725073.0,81259.0,POZA RICA,8,2017,199.7
POZA RICA,8,2018,24.5,678998.0,66277.0,POZA RICA,8,2018,218.0
POZA RICA,8,2019,25.8,560898.0,66120.0,POZA RICA,8,2019,90.8
POZA RICA,8,2020,24.9,706216.0,71923.0,POZA RICA,8,2020,243.5
POZA RICA,8,2021,24.7,934352.0,74692.0,POZA RICA,8,2021,236.9
POZA RICA,9,2017,24.4,694530.0,80308.0,POZA RICA,9,2017,429.0
POZA RICA,9,2018,25.0,647769.0,60239.0,POZA RICA,9,2018,197.6
POZA RICA,9,2019,24.9,600719.0,67023.0,POZA RICA,9,2019,168.0
POZA RICA,9,2020,24.6,758031.0,76652.0,POZA RICA,9,2020,282.2
POZA RICA,9,2021,24.7,918666.0,69373.0,POZA RICA,9,2021,218.3
POZA RICA,10,2017,22.8,800248.0,85095.0,POZA RICA,10,2017,314.9
POZA RICA,10,2018,23.4,800765.0,74911.0,POZA RICA,10,2018,332.5
POZA RICA,10,2019,23.6,666401.0,72883.0,POZA RICA,10,2019,271.9
POZA RICA,10,2020,23.1,812948.0,81009.0,POZA RICA,10,2020,123.1
POZA RICA,10,2021,24.0,1004603.0,70379.0,POZA RICA,10,2021,225.4
POZA RICA,11,2017,21.3,791128.0,81177.0,POZA RICA,11,2017,43.3
POZA RICA,11,2018,21.1,771479.0,75568.0,POZA RICA,11,2018,93.8
POZA RICA,11,2019,20.6,793887.0,83830.0,POZA RICA,11,2019,124.1
POZA RICA,11,2020,21.4,792793.0,78738.0,POZA RICA,11,2020,189.6
POZA RICA,11,2021,20.5,1002745.0,70700.0,POZA RICA,11,2021,109.2
POZA RICA,12,2017,19.0,1100649.0,111464.0,POZA RICA,12,2017,37.1
POZA RICA,12,2018,19.3,912569.0,90985.0,POZA RICA,12,2018,67.1
POZA RICA,12,2019,19.5,900117.0,92857.0,POZA RICA,12,2019,32.7
POZA RICA,12,2020,18.5,973565.0,95994.0,POZA RICA,12,2020,48.6
POZA RICA,12,2021,21.2,1074379.0,84823.0,POZA RICA,12,2021,24.9
REYNOSA,1,2017,20.3,2501815.0,318009.0,REYNOSA,1,2017,8.3
REYNOSA,1,2018,15.1,2859045.0,267492.0,REYNOSA,1,2018,27.3
REYNOSA,1,2019,17.4,2830236.0,319171.0,REYNOSA,1,2019,25.2
REYNOSA,1,2020,19.5,2200837.0,282822.0,REYNOSA,1,2020,19.9
REYNOSA,1,2021,18.4,3158523.0,290531.0,REYNOSA,1,2021,17.3
REYNOSA,2,2017,23.2,2380356.0,289476.0,REYNOSA,2,2017,14.9
REYNOSA,2,2018,22.0,2489995.0,248331.0,REYNOSA,2,2018,12.4
REYNOSA,2,2019,21.0,2809137.0,326227.0,REYNOSA,2,2019,7.5
REYNOSA,2,2020,19.1,2231592.0,288196.0,REYNOSA,2,2020,3.1
REYNOSA,2,2021,18.3,3771470.0,330231.0,REYNOSA,2,2021,13.3
REYNOSA,3,2017,24.1,2630183.0,317723.0,REYNOSA,3,2017,36.2
REYNOSA,3,2018,23.9,2503378.0,253423.0,REYNOSA,3,2018,12.2
REYNOSA,3,2019,22.2,3195241.0,368544.0,REYNOSA,3,2019,36.2
REYNOSA,3,2020,25.2,2319861.0,298391.0,REYNOSA,3,2020,12.9
REYNOSA,3,2021,23.0,3549154.0,296780.0,REYNOSA,3,2021,10.5
REYNOSA,4,2017,26.0,2178898.0,264134.0,REYNOSA,4,2017,57.9
REYNOSA,4,2018,24.5,2346269.0,248579.0,REYNOSA,4,2018,79.0
REYNOSA,4,2019,25.1,2436084.0,280672.0,REYNOSA,4,2019,10.1
REYNOSA,4,2020,27.7,2144011.0,274156.0,REYNOSA,4,2020,35.9
REYNOSA,4,2021,26.3,3387954.0,292086.0,REYNOSA,4,2021,16.5
REYNOSA,5,2017,28.1,2153252.0,255901.0,REYNOSA,5,2017,70.8
REYNOSA,5,2018,28.0,2442007.0,236368.0,REYNOSA,5,2018,62.6
REYNOSA,5,2019,29.3,2234491.0,265349.0,REYNOSA,5,2019,50.7
REYNOSA,5,2020,28.2,1997311.0,234509.0,REYNOSA,5,2020,120.0
REYNOSA,5,2021,28.2,3150686.0,283029.0,REYNOSA,5,2021,99.9
REYNOSA,6,2017,29.9,1930248.0,221878.0,REYNOSA,6,2017,61.7
REYNOSA,6,2018,29.3,2186798.0,202624.0,REYNOSA,6,2018,124.7
REYNOSA,6,2019,30.4,1796819.0,230304.0,REYNOSA,6,2019,132.0
REYNOSA,6,2020,28.7,2104388.0,233906.0,REYNOSA,6,2020,117.3
REYNOSA,6,2021,28.7,3145992.0,269649.0,REYNOSA,6,2021,116.5
REYNOSA,7,2017,29.1,1934579.0,225454.0,REYNOSA,7,2017,79.0
REYNOSA,7,2018,30.0,2225908.0,207772.0,REYNOSA,7,2018,26.2
REYNOSA,7,2019,30.0,1738536.0,226078.0,REYNOSA,7,2019,38.0
REYNOSA,7,2020,30.2,2185430.0,239895.0,REYNOSA,7,2020,128.5
REYNOSA,7,2021,28.6,3245584.0,255229.0,REYNOSA,7,2021,168.8
REYNOSA,8,2017,30.2,1941590.0,216291.0,REYNOSA,8,2017,68.3
REYNOSA,8,2018,30.1,2274663.0,213673.0,REYNOSA,8,2018,29.4
REYNOSA,8,2019,31.6,1803526.0,227510.0,REYNOSA,8,2019,19.9
REYNOSA,8,2020,29.4,2267550.0,246264.0,REYNOSA,8,2020,53.2
REYNOSA,8,2021,29.7,2912869.0,257667.0,REYNOSA,8,2021,52.5
REYNOSA,9,2017,28.1,2123987.0,230350.0,REYNOSA,9,2017,129.2
REYNOSA,9,2018,28.6,2269225.0,207897.0,REYNOSA,9,2018,203.5
REYNOSA,9,2019,28.8,2035208.0,244332.0,REYNOSA,9,2019,142.2
REYNOSA,9,2020,27.4,2365953.0,255045.0,REYNOSA,9,2020,105.9
REYNOSA,9,2021,28.5,3029143.0,255756.0,REYNOSA,9,2021,97.4
REYNOSA,10,2017,24.2,2505375.0,250624.0,REYNOSA,10,2017,113.9
REYNOSA,10,2018,24.9,2754917.0,252769.0,REYNOSA,10,2018,75.3
REYNOSA,10,2019,25.6,2149981.0,252221.0,REYNOSA,10,2019,78.7
REYNOSA,10,2020,25.4,2540557.0,268557.0,REYNOSA,10,2020,17.6
REYNOSA,10,2021,26.1,3469891.0,273557.0,REYNOSA,10,2021,81.5
REYNOSA,11,2017,22.7,2491081.0,241913.0,REYNOSA,11,2017,12.2
REYNOSA,11,2018,19.4,2914488.0,278957.0,REYNOSA,11,2018,18.4
REYNOSA,11,2019,20.4,2390870.0,287520.0,REYNOSA,11,2019,25.9
REYNOSA,11,2020,23.2,2712937.0,279936.0,REYNOSA,11,2020,10.4
REYNOSA,11,2021,21.6,4033029.0,322215.0,REYNOSA,11,2021,53.5
REYNOSA,12,2017,18.4,3180648.0,304207.0,REYNOSA,12,2017,14.2
REYNOSA,12,2018,17.9,2880215.0,294630.0,REYNOSA,12,2018,6.9
REYNOSA,12,2019,19.1,2423953.0,313012.0,REYNOSA,12,2019,12.7
REYNOSA,12,2020,17.9,3328613.0,336267.0,REYNOSA,12,2020,6.5
REYNOSA,12,2021,22.2,3831073.0,350364.0,REYNOSA,12,2021,12.6
RIO VERDE,1,2017,19.2,841161.0,96018.0,RIO VERDE,1,2017,1.7
RIO VERDE,1,2018,15.5,1409488.0,131095.0,RIO VERDE,1,2018,19.5
RIO VERDE,1,2019,18.4,1369200.0,150980.0,RIO VERDE,1,2019,14.2
RIO VERDE,1,2020,18.8,1282376.0,137055.0,RIO VERDE,1,2020,29.0
RIO VERDE,1,2021,18.6,1473260.0,119357.0,RIO VERDE,1,2021,9.4
RIO VERDE,2,2017,21.9,751802.0,85126.0,RIO VERDE,2,2017,3.6
RIO VERDE,2,2018,21.9,1154588.0,112777.0,RIO VERDE,2,2018,20.8
RIO VERDE,2,2019,21.8,995499.0,103551.0,RIO VERDE,2,2019,3.4
RIO VERDE,2,2020,20.0,1154856.0,124785.0,RIO VERDE,2,2020,6.0
RIO VERDE,2,2021,19.7,1294131.0,100657.0,RIO VERDE,2,2021,3.0
RIO VERDE,3,2017,22.8,823278.0,94888.0,RIO VERDE,3,2017,25.2
RIO VERDE,3,2018,23.7,1223222.0,118501.0,RIO VERDE,3,2018,7.3
RIO VERDE,3,2019,22.2,1099448.0,111210.0,RIO VERDE,3,2019,13.7
RIO VERDE,3,2020,24.6,1134001.0,122444.0,RIO VERDE,3,2020,8.6
RIO VERDE,3,2021,23.6,1397636.0,106720.0,RIO VERDE,3,2021,2.9
RIO VERDE,4,2017,25.3,820206.0,92274.0,RIO VERDE,4,2017,28.1
RIO VERDE,4,2018,24.1,1077954.0,111733.0,RIO VERDE,4,2018,41.6
RIO VERDE,4,2019,25.5,1039330.0,105174.0,RIO VERDE,4,2019,2.2
RIO VERDE,4,2020,28.2,1030974.0,108057.0,RIO VERDE,4,2020,28.1
RIO VERDE,4,2021,26.5,1211723.0,94935.0,RIO VERDE,4,2021,13.5
RIO VERDE,5,2017,27.4,793463.0,87605.0,RIO VERDE,5,2017,40.9
RIO VERDE,5,2018,26.8,1162605.0,111679.0,RIO VERDE,5,2018,47.4
RIO VERDE,5,2019,29.2,876012.0,90033.0,RIO VERDE,5,2019,29.3
RIO VERDE,5,2020,27.6,1038238.0,101252.0,RIO VERDE,5,2020,47.1
RIO VERDE,5,2021,27.1,1215555.0,94824.0,RIO VERDE,5,2021,55.0
RIO VERDE,6,2017,27.8,847192.0,92769.0,RIO VERDE,6,2017,62.5
RIO VERDE,6,2018,27.4,1195191.0,111188.0,RIO VERDE,6,2018,131.6
RIO VERDE,6,2019,28.5,918514.0,98707.0,RIO VERDE,6,2019,124.9
RIO VERDE,6,2020,27.9,1039712.0,98886.0,RIO VERDE,6,2020,65.4
RIO VERDE,6,2021,26.2,1316129.0,100644.0,RIO VERDE,6,2021,116.4
RIO VERDE,7,2017,25.7,948382.0,106280.0,RIO VERDE,7,2017,118.1
RIO VERDE,7,2018,27.4,1222463.0,114563.0,RIO VERDE,7,2018,25.1
RIO VERDE,7,2019,27.7,967071.0,106538.0,RIO VERDE,7,2019,34.5
RIO VERDE,7,2020,28.4,1065924.0,99159.0,RIO VERDE,7,2020,96.2
RIO VERDE,7,2021,25.9,1553395.0,111843.0,RIO VERDE,7,2021,123.4
RIO VERDE,8,2017,27.2,909580.0,100270.0,RIO VERDE,8,2017,96.3
RIO VERDE,8,2018,27.0,1280275.0,121242.0,RIO VERDE,8,2018,67.0
RIO VERDE,8,2019,29.0,871525.0,96461.0,RIO VERDE,8,2019,59.3
RIO VERDE,8,2020,27.3,1118872.0,102488.0,RIO VERDE,8,2020,56.8
RIO VERDE,8,2021,26.2,1374713.0,105010.0,RIO VERDE,8,2021,103.4
RIO VERDE,9,2017,25.0,1013578.0,108680.0,RIO VERDE,9,2017,145.0
RIO VERDE,9,2018,26.5,1322188.0,118508.0,RIO VERDE,9,2018,164.1
RIO VERDE,9,2019,26.8,897010.0,97183.0,RIO VERDE,9,2019,86.6
RIO VERDE,9,2020,25.9,1132158.0,103295.0,RIO VERDE,9,2020,81.3
RIO VERDE,9,2021,25.3,1400779.0,103448.0,RIO VERDE,9,2021,114.0
RIO VERDE,10,2017,22.6,1206695.0,118172.0,RIO VERDE,10,2017,85.8
RIO VERDE,10,2018,23.9,1600754.0,142547.0,RIO VERDE,10,2018,74.6
RIO VERDE,10,2019,25.0,1052991.0,115610.0,RIO VERDE,10,2019,72.3
RIO VERDE,10,2020,24.2,1251876.0,112845.0,RIO VERDE,10,2020,9.6
RIO VERDE,10,2021,24.1,1587611.0,108746.0,RIO VERDE,10,2021,58.5
RIO VERDE,11,2017,21.5,1261280.0,118059.0,RIO VERDE,11,2017,1.4
RIO VERDE,11,2018,19.9,1543452.0,162698.0,RIO VERDE,11,2018,30.9
RIO VERDE,11,2019,21.2,1182223.0,127751.0,RIO VERDE,11,2019,24.5
RIO VERDE,11,2020,22.3,1308950.0,117109.0,RIO VERDE,11,2020,15.6
RIO VERDE,11,2021,20.3,1791920.0,129114.0,RIO VERDE,11,2021,11.9
RIO VERDE,12,2017,17.7,1504397.0,140313.0,RIO VERDE,12,2017,9.1
RIO VERDE,12,2018,18.1,1541821.0,167033.0,RIO VERDE,12,2018,5.5
RIO VERDE,12,2019,19.1,1472080.0,153232.0,RIO VERDE,12,2019,16.1
RIO VERDE,12,2020,17.6,1663932.0,146424.0,RIO VERDE,12,2020,2.8
RIO VERDE,12,2021,20.7,1885541.0,156444.0,RIO VERDE,12,2021,3.8
SALINASVICTORIA,1,2017,16.8,1158858.0,140457.0,SALINASVICTORIA,1,2017,10.2
SALINASVICTORIA,1,2018,12.3,1229289.0,119825.0,SALINASVICTORIA,1,2018,16.5
SALINASVICTORIA,1,2019,14.2,1083007.0,112617.0,SALINASVICTORIA,1,2019,22.5
SALINASVICTORIA,1,2020,16.2,867281.0,101904.0,SALINASVICTORIA,1,2020,13.0
SALINASVICTORIA,1,2021,14.9,954612.0,88600.0,SALINASVICTORIA,1,2021,10.0
SALINASVICTORIA,2,2017,20.4,1065898.0,124868.0,SALINASVICTORIA,2,2017,7.4
SALINASVICTORIA,2,2018,18.6,1035197.0,108913.0,SALINASVICTORIA,2,2018,18.0
SALINASVICTORIA,2,2019,18.2,928522.0,98729.0,SALINASVICTORIA,2,2019,2.8
SALINASVICTORIA,2,2020,16.5,796115.0,98447.0,SALINASVICTORIA,2,2020,3.5
SALINASVICTORIA,2,2021,16.3,989628.0,89366.0,SALINASVICTORIA,2,2021,6.4
SALINASVICTORIA,3,2017,22.0,1132931.0,133984.0,SALINASVICTORIA,3,2017,45.0
SALINASVICTORIA,3,2018,21.5,974255.0,103558.0,SALINASVICTORIA,3,2018,3.6
SALINASVICTORIA,3,2019,19.4,1022502.0,109623.0,SALINASVICTORIA,3,2019,38.2
SALINASVICTORIA,3,2020,22.9,844554.0,103792.0,SALINASVICTORIA,3,2020,15.2
SALINASVICTORIA,3,2021,20.8,978326.0,82500.0,SALINASVICTORIA,3,2021,5.5
SALINASVICTORIA,4,2017,23.8,991506.0,120959.0,SALINASVICTORIA,4,2017,50.6
SALINASVICTORIA,4,2018,21.9,900368.0,100652.0,SALINASVICTORIA,4,2018,53.8
SALINASVICTORIA,4,2019,22.7,827408.0,92633.0,SALINASVICTORIA,4,2019,13.9
SALINASVICTORIA,4,2020,24.6,748358.0,91542.0,SALINASVICTORIA,4,2020,37.0
SALINASVICTORIA,4,2021,24.1,864434.0,75389.0,SALINASVICTORIA,4,2021,22.6
SALINASVICTORIA,5,2017,26.2,1031515.0,125824.0,SALINASVICTORIA,5,2017,7.0
SALINASVICTORIA,5,2018,26.1,815016.0,83162.0,SALINASVICTORIA,5,2018,47.9
SALINASVICTORIA,5,2019,26.5,782608.0,90212.0,SALINASVICTORIA,5,2019,54.6
SALINASVICTORIA,5,2020,26.0,725950.0,82155.0,SALINASVICTORIA,5,2020,80.5
SALINASVICTORIA,5,2021,26.0,782600.0,70996.0,SALINASVICTORIA,5,2021,79.2
SALINASVICTORIA,6,2017,28.3,943163.0,116760.0,SALINASVICTORIA,6,2017,45.6
SALINASVICTORIA,6,2018,27.8,768072.0,76334.0,SALINASVICTORIA,6,2018,82.0
SALINASVICTORIA,6,2019,28.2,669065.0,83352.0,SALINASVICTORIA,6,2019,75.9
SALINASVICTORIA,6,2020,26.7,726869.0,80304.0,SALINASVICTORIA,6,2020,72.7
SALINASVICTORIA,6,2021,26.9,710703.0,61414.0,SALINASVICTORIA,6,2021,90.1
SALINASVICTORIA,7,2017,28.0,911880.0,115689.0,SALINASVICTORIA,7,2017,31.0
SALINASVICTORIA,7,2018,28.1,797138.0,79470.0,SALINASVICTORIA,7,2018,37.8
SALINASVICTORIA,7,2019,27.9,666297.0,83759.0,SALINASVICTORIA,7,2019,31.1
SALINASVICTORIA,7,2020,28.3,693980.0,77022.0,SALINASVICTORIA,7,2020,171.4
SALINASVICTORIA,7,2021,26.4,821269.0,66324.0,SALINASVICTORIA,7,2021,99.9
SALINASVICTORIA,8,2017,28.6,926627.0,111308.0,SALINASVICTORIA,8,2017,40.6
SALINASVICTORIA,8,2018,28.6,817962.0,81997.0,SALINASVICTORIA,8,2018,21.3
SALINASVICTORIA,8,2019,29.8,663474.0,83072.0,SALINASVICTORIA,8,2019,31.0
SALINASVICTORIA,8,2020,27.8,694658.0,75646.0,SALINASVICTORIA,8,2020,14.8
SALINASVICTORIA,8,2021,27.5,912690.0,80525.0,SALINASVICTORIA,8,2021,43.2
SALINASVICTORIA,9,2017,26.2,965823.0,110017.0,SALINASVICTORIA,9,2017,172.1
SALINASVICTORIA,9,2018,25.9,921359.0,86479.0,SALINASVICTORIA,9,2018,226.9
SALINASVICTORIA,9,2019,26.4,707467.0,88148.0,SALINASVICTORIA,9,2019,166.2
SALINASVICTORIA,9,2020,24.7,753414.0,80707.0,SALINASVICTORIA,9,2020,102.8
SALINASVICTORIA,9,2021,26.4,895074.0,75096.0,SALINASVICTORIA,9,2021,42.1
SALINASVICTORIA,10,2017,21.6,1206865.0,122163.0,SALINASVICTORIA,10,2017,64.9
SALINASVICTORIA,10,2018,22.1,1089679.0,102548.0,SALINASVICTORIA,10,2018,46.6
SALINASVICTORIA,10,2019,23.4,836492.0,100734.0,SALINASVICTORIA,10,2019,28.6
SALINASVICTORIA,10,2020,22.5,826948.0,87909.0,SALINASVICTORIA,10,2020,2.7
SALINASVICTORIA,10,2021,23.7,1136182.0,85793.0,SALINASVICTORIA,10,2021,46.1
SALINASVICTORIA,11,2017,19.6,1172961.0,113692.0,SALINASVICTORIA,11,2017,7.8
SALINASVICTORIA,11,2018,16.3,1098158.0,109980.0,SALINASVICTORIA,11,2018,14.2
SALINASVICTORIA,11,2019,18.3,963533.0,112425.0,SALINASVICTORIA,11,2019,26.7
SALINASVICTORIA,11,2020,20.2,826105.0,87819.0,SALINASVICTORIA,11,2020,3.8
SALINASVICTORIA,11,2021,18.6,1274210.0,93014.0,SALINASVICTORIA,11,2021,40.4
SALINASVICTORIA,12,2017,14.6,1373195.0,134497.0,SALINASVICTORIA,12,2017,34.2
SALINASVICTORIA,12,2018,14.8,1199081.0,122647.0,SALINASVICTORIA,12,2018,16.6
SALINASVICTORIA,12,2019,16.2,1068598.0,122780.0,SALINASVICTORIA,12,2019,7.5
SALINASVICTORIA,12,2020,14.3,995060.0,102383.0,SALINASVICTORIA,12,2020,8.0
SALINASVICTORIA,12,2021,19.0,1203308.0,95400.0,SALINASVICTORIA,12,2021,12.0
SALTILLO,1,2017,16.3,605456.0,70078.0,SALTILLO,1,2017,2.6
SALTILLO,1,2018,11.7,609173.0,57565.0,SALTILLO,1,2018,0.7
SALTILLO,1,2019,13.5,445188.0,46355.0,SALTILLO,1,2019,6.9
SALTILLO,1,2020,14.3,427389.0,48725.0,SALTILLO,1,2020,11.3
SALTILLO,1,2021,13.5,820811.0,84112.0,SALTILLO,1,2021,3.5
SALTILLO,2,2017,18.6,493035.0,55812.0,SALTILLO,2,2017,11.1
SALTILLO,2,2018,18.0,471352.0,46071.0,SALTILLO,2,2018,7.0
SALTILLO,2,2019,17.1,407745.0,42298.0,SALTILLO,2,2019,0.6
SALTILLO,2,2020,15.6,403798.0,49965.0,SALTILLO,2,2020,2.8
SALTILLO,2,2021,15.5,832866.0,79984.0,SALTILLO,2,2021,4.6
SALTILLO,3,2017,20.7,617146.0,68848.0,SALTILLO,3,2017,23.0
SALTILLO,3,2018,20.5,454263.0,45499.0,SALTILLO,3,2018,2.4
SALTILLO,3,2019,18.8,422015.0,44678.0,SALTILLO,3,2019,11.3
SALTILLO,3,2020,22.1,402090.0,53047.0,SALTILLO,3,2020,21.6
SALTILLO,3,2021,19.8,827768.0,73723.0,SALTILLO,3,2021,0.2
SALTILLO,4,2017,23.3,535602.0,59470.0,SALTILLO,4,2017,15.1
SALTILLO,4,2018,22.2,407735.0,41980.0,SALTILLO,4,2018,7.2
SALTILLO,4,2019,22.8,463687.0,51422.0,SALTILLO,4,2019,12.3
SALTILLO,4,2020,23.9,548070.0,71320.0,SALTILLO,4,2020,7.3
SALTILLO,4,2021,23.0,849514.0,76719.0,SALTILLO,4,2021,10.9
SALTILLO,5,2017,26.1,471018.0,53469.0,SALTILLO,5,2017,40.6
SALTILLO,5,2018,27.4,391565.0,36939.0,SALTILLO,5,2018,11.7
SALTILLO,5,2019,26.4,409918.0,46350.0,SALTILLO,5,2019,30.8
SALTILLO,5,2020,26.8,589015.0,75731.0,SALTILLO,5,2020,30.5
SALTILLO,5,2021,26.2,754079.0,67342.0,SALTILLO,5,2021,37.3
SALTILLO,6,2017,28.4,448238.0,51308.0,SALTILLO,6,2017,22.6
SALTILLO,6,2018,29.4,382139.0,34923.0,SALTILLO,6,2018,30.8
SALTILLO,6,2019,28.3,375074.0,44338.0,SALTILLO,6,2019,49.9
SALTILLO,6,2020,27.9,587270.0,76375.0,SALTILLO,6,2020,23.8
SALTILLO,6,2021,28.1,712229.0,62462.0,SALTILLO,6,2021,34.1
SALTILLO,7,2017,28.6,406387.0,46319.0,SALTILLO,7,2017,37.8
SALTILLO,7,2018,28.7,458320.0,42918.0,SALTILLO,7,2018,29.0
SALTILLO,7,2019,28.7,384636.0,45659.0,SALTILLO,7,2019,22.3
SALTILLO,7,2020,29.2,613622.0,78955.0,SALTILLO,7,2020,44.5
SALTILLO,7,2021,27.5,681536.0,56419.0,SALTILLO,7,2021,55.7
SALTILLO,8,2017,28.2,365422.0,40653.0,SALTILLO,8,2017,45.1
SALTILLO,8,2018,28.7,453132.0,44528.0,SALTILLO,8,2018,41.0
SALTILLO,8,2019,30.5,390173.0,46990.0,SALTILLO,8,2019,21.5
SALTILLO,8,2020,28.5,596392.0,69758.0,SALTILLO,8,2020,6.0
SALTILLO,8,2021,27.8,686326.0,58262.0,SALTILLO,8,2021,43.0
SALTILLO,9,2017,26.2,389724.0,41646.0,SALTILLO,9,2017,108.3
SALTILLO,9,2018,24.7,470625.0,44237.0,SALTILLO,9,2018,172.8
SALTILLO,9,2019,27.4,382291.0,45876.0,SALTILLO,9,2019,60.6
SALTILLO,9,2020,24.2,615038.0,73147.0,SALTILLO,9,2020,63.8
SALTILLO,9,2021,26.6,713650.0,55940.0,SALTILLO,9,2021,24.1
SALTILLO,10,2017,21.3,493389.0,49193.0,SALTILLO,10,2017,15.2
SALTILLO,10,2018,21.5,513609.0,48102.0,SALTILLO,10,2018,67.4
SALTILLO,10,2019,22.8,410953.0,49942.0,SALTILLO,10,2019,19.6
SALTILLO,10,2020,22.5,640405.0,74733.0,SALTILLO,10,2020,0.4
SALTILLO,10,2021,23.6,886734.0,64970.0,SALTILLO,10,2021,12.0
SALTILLO,11,2017,18.7,470234.0,46031.0,SALTILLO,11,2017,1.9
SALTILLO,11,2018,15.5,627571.0,60560.0,SALTILLO,11,2018,7.7
SALTILLO,11,2019,17.6,486590.0,59301.0,SALTILLO,11,2019,22.1
SALTILLO,11,2020,19.4,681312.0,78899.0,SALTILLO,11,2020,2.8
SALTILLO,11,2021,18.3,1011512.0,73550.0,SALTILLO,11,2021,16.2
SALTILLO,12,2017,13.7,776005.0,74895.0,SALTILLO,12,2017,35.6
SALTILLO,12,2018,13.6,657990.0,65614.0,SALTILLO,12,2018,19.3
SALTILLO,12,2019,14.7,543245.0,62093.0,SALTILLO,12,2019,3.6
SALTILLO,12,2020,13.3,874992.0,97249.0,SALTILLO,12,2020,12.4
SALTILLO,12,2021,18.8,1032146.0,84094.0,SALTILLO,12,2021,5.0
SAN FERNANDO,1,2017,20.3,152146.0,19480.0,SAN FERNANDO,1,2017,8.3
SAN FERNANDO,1,2018,15.1,233942.0,21835.0,SAN FERNANDO,1,2018,27.3
SAN FERNANDO,1,2019,17.4,206267.0,21372.0,SAN FERNANDO,1,2019,25.2
SAN FERNANDO,1,2020,19.5,79774.0,8788.0,SAN FERNANDO,1,2020,19.9
SAN FERNANDO,1,2021,18.4,78397.0,7132.0,SAN FERNANDO,1,2021,17.3
SAN FERNANDO,2,2017,23.2,150206.0,18857.0,SAN FERNANDO,2,2017,14.9
SAN FERNANDO,2,2018,22.0,198918.0,19634.0,SAN FERNANDO,2,2018,12.4
SAN FERNANDO,2,2019,21.0,187211.0,19368.0,SAN FERNANDO,2,2019,7.5
SAN FERNANDO,2,2020,19.1,71991.0,8359.0,SAN FERNANDO,2,2020,3.1
SAN FERNANDO,2,2021,18.3,78256.0,6789.0,SAN FERNANDO,2,2021,13.3
SAN FERNANDO,3,2017,24.1,169485.0,20526.0,SAN FERNANDO,3,2017,36.2
SAN FERNANDO,3,2018,23.9,200631.0,20016.0,SAN FERNANDO,3,2018,12.2
SAN FERNANDO,3,2019,22.2,204032.0,20428.0,SAN FERNANDO,3,2019,36.2
SAN FERNANDO,3,2020,25.2,43840.0,5376.0,SAN FERNANDO,3,2020,12.9
SAN FERNANDO,3,2021,23.0,88536.0,7305.0,SAN FERNANDO,3,2021,10.5
SAN FERNANDO,4,2017,26.0,162346.0,19275.0,SAN FERNANDO,4,2017,57.9
SAN FERNANDO,4,2018,24.5,202351.0,21013.0,SAN FERNANDO,4,2018,79.0
SAN FERNANDO,4,2019,25.1,190333.0,19086.0,SAN FERNANDO,4,2019,10.1
SAN FERNANDO,4,2020,27.7,64470.0,8583.0,SAN FERNANDO,4,2020,35.9
SAN FERNANDO,4,2021,26.3,79624.0,6772.0,SAN FERNANDO,4,2021,16.5
SAN FERNANDO,5,2017,28.1,219204.0,25929.0,SAN FERNANDO,5,2017,70.8
SAN FERNANDO,5,2018,28.0,208912.0,19899.0,SAN FERNANDO,5,2018,62.6
SAN FERNANDO,5,2019,29.3,167852.0,18437.0,SAN FERNANDO,5,2019,50.7
SAN FERNANDO,5,2020,28.2,76364.0,9000.0,SAN FERNANDO,5,2020,120.0
SAN FERNANDO,5,2021,28.2,78599.0,6996.0,SAN FERNANDO,5,2021,99.9
SAN FERNANDO,6,2017,29.9,156152.0,17284.0,SAN FERNANDO,6,2017,61.7
SAN FERNANDO,6,2018,29.3,205382.0,18817.0,SAN FERNANDO,6,2018,124.7
SAN FERNANDO,6,2019,30.4,120787.0,13544.0,SAN FERNANDO,6,2019,132.0
SAN FERNANDO,6,2020,28.7,68068.0,6909.0,SAN FERNANDO,6,2020,117.3
SAN FERNANDO,6,2021,28.7,76846.0,6424.0,SAN FERNANDO,6,2021,116.5
SAN FERNANDO,7,2017,29.1,174047.0,20151.0,SAN FERNANDO,7,2017,79.0
SAN FERNANDO,7,2018,30.0,196903.0,18194.0,SAN FERNANDO,7,2018,26.2
SAN FERNANDO,7,2019,30.0,109475.0,12691.0,SAN FERNANDO,7,2019,38.0
SAN FERNANDO,7,2020,30.2,68676.0,6931.0,SAN FERNANDO,7,2020,128.5
SAN FERNANDO,7,2021,28.6,77718.0,5869.0,SAN FERNANDO,7,2021,168.8
SAN FERNANDO,8,2017,30.2,202713.0,22317.0,SAN FERNANDO,8,2017,68.3
SAN FERNANDO,8,2018,30.1,188025.0,17445.0,SAN FERNANDO,8,2018,29.4
SAN FERNANDO,8,2019,31.6,111831.0,12863.0,SAN FERNANDO,8,2019,19.9
SAN FERNANDO,8,2020,29.4,68121.0,6750.0,SAN FERNANDO,8,2020,53.2
SAN FERNANDO,8,2021,29.7,84202.0,6416.0,SAN FERNANDO,8,2021,52.5
SAN FERNANDO,9,2017,28.1,207895.0,22102.0,SAN FERNANDO,9,2017,129.2
SAN FERNANDO,9,2018,28.6,186812.0,17294.0,SAN FERNANDO,9,2018,203.5
SAN FERNANDO,9,2019,28.8,116881.0,12908.0,SAN FERNANDO,9,2019,142.2
SAN FERNANDO,9,2020,27.4,74203.0,7305.0,SAN FERNANDO,9,2020,105.9
SAN FERNANDO,9,2021,28.5,87515.0,6365.0,SAN FERNANDO,9,2021,97.4
SAN FERNANDO,10,2017,24.2,221782.0,21880.0,SAN FERNANDO,10,2017,113.9
SAN FERNANDO,10,2018,24.9,210084.0,19529.0,SAN FERNANDO,10,2018,75.3
SAN FERNANDO,10,2019,25.6,125916.0,13531.0,SAN FERNANDO,10,2019,78.7
SAN FERNANDO,10,2020,25.4,72509.0,7067.0,SAN FERNANDO,10,2020,17.6
SAN FERNANDO,10,2021,26.1,86417.0,5939.0,SAN FERNANDO,10,2021,81.5
SAN FERNANDO,11,2017,22.7,219441.0,21157.0,SAN FERNANDO,11,2017,12.2
SAN FERNANDO,11,2018,19.4,219135.0,20631.0,SAN FERNANDO,11,2018,18.4
SAN FERNANDO,11,2019,20.4,35470.0,3792.0,SAN FERNANDO,11,2019,25.9
SAN FERNANDO,11,2020,23.2,70954.0,6890.0,SAN FERNANDO,11,2020,10.4
SAN FERNANDO,11,2021,21.6,92858.0,6797.0,SAN FERNANDO,11,2021,53.5
SAN FERNANDO,12,2017,18.4,248715.0,23697.0,SAN FERNANDO,12,2017,14.2
SAN FERNANDO,12,2018,17.9,210306.0,20925.0,SAN FERNANDO,12,2018,6.9
SAN FERNANDO,12,2019,19.1,107701.0,11461.0,SAN FERNANDO,12,2019,12.7
SAN FERNANDO,12,2020,17.9,86825.0,8384.0,SAN FERNANDO,12,2020,6.5
SAN FERNANDO,12,2021,22.2,98225.0,8125.0,SAN FERNANDO,12,2021,12.6
SAN LUIS POTOSI,1,2017,19.2,431163.0,50882.0,SAN LUIS POTOSI,1,2017,1.7
SAN LUIS POTOSI,1,2018,15.5,566872.0,53046.0,SAN LUIS POTOSI,1,2018,19.5
SAN LUIS POTOSI,1,2019,18.4,833258.0,82677.0,SAN LUIS POTOSI,1,2019,14.2
SAN LUIS POTOSI,1,2020,18.8,736538.0,75810.0,SAN LUIS POTOSI,1,2020,29.0
SAN LUIS POTOSI,1,2021,18.6,832147.0,68088.0,SAN LUIS POTOSI,1,2021,9.4
SAN LUIS POTOSI,2,2017,21.9,397771.0,46152.0,SAN LUIS POTOSI,2,2017,3.6
SAN LUIS POTOSI,2,2018,21.9,631130.0,61829.0,SAN LUIS POTOSI,2,2018,20.8
SAN LUIS POTOSI,2,2019,21.8,722840.0,71423.0,SAN LUIS POTOSI,2,2019,3.4
SAN LUIS POTOSI,2,2020,20.0,706155.0,73968.0,SAN LUIS POTOSI,2,2020,6.0
SAN LUIS POTOSI,2,2021,19.7,823400.0,64968.0,SAN LUIS POTOSI,2,2021,3.0
SAN LUIS POTOSI,3,2017,22.8,427126.0,49576.0,SAN LUIS POTOSI,3,2017,25.2
SAN LUIS POTOSI,3,2018,23.7,677188.0,66199.0,SAN LUIS POTOSI,3,2018,7.3
SAN LUIS POTOSI,3,2019,22.2,760572.0,74406.0,SAN LUIS POTOSI,3,2019,13.7
SAN LUIS POTOSI,3,2020,24.6,809629.0,83813.0,SAN LUIS POTOSI,3,2020,8.6
SAN LUIS POTOSI,3,2021,23.6,898388.0,69242.0,SAN LUIS POTOSI,3,2021,2.9
SAN LUIS POTOSI,4,2017,25.3,384757.0,46129.0,SAN LUIS POTOSI,4,2017,28.1
SAN LUIS POTOSI,4,2018,24.1,622493.0,65108.0,SAN LUIS POTOSI,4,2018,41.6
SAN LUIS POTOSI,4,2019,25.5,696256.0,68472.0,SAN LUIS POTOSI,4,2019,2.2
SAN LUIS POTOSI,4,2020,28.2,782771.0,80763.0,SAN LUIS POTOSI,4,2020,28.1
SAN LUIS POTOSI,4,2021,26.5,897136.0,69435.0,SAN LUIS POTOSI,4,2021,13.5
SAN LUIS POTOSI,5,2017,27.4,394680.0,46640.0,SAN LUIS POTOSI,5,2017,40.9
SAN LUIS POTOSI,5,2018,26.8,715945.0,70001.0,SAN LUIS POTOSI,5,2018,47.4
SAN LUIS POTOSI,5,2019,29.2,660792.0,65731.0,SAN LUIS POTOSI,5,2019,29.3
SAN LUIS POTOSI,5,2020,27.6,831109.0,81069.0,SAN LUIS POTOSI,5,2020,47.1
SAN LUIS POTOSI,5,2021,27.1,918758.0,72155.0,SAN LUIS POTOSI,5,2021,55.0
SAN LUIS POTOSI,6,2017,27.8,373703.0,42845.0,SAN LUIS POTOSI,6,2017,62.5
SAN LUIS POTOSI,6,2018,27.4,711840.0,68133.0,SAN LUIS POTOSI,6,2018,131.6
SAN LUIS POTOSI,6,2019,28.5,625720.0,67160.0,SAN LUIS POTOSI,6,2019,124.9
SAN LUIS POTOSI,6,2020,27.9,790610.0,75396.0,SAN LUIS POTOSI,6,2020,65.4
SAN LUIS POTOSI,6,2021,26.2,908708.0,69500.0,SAN LUIS POTOSI,6,2021,116.4
SAN LUIS POTOSI,7,2017,25.7,401122.0,46683.0,SAN LUIS POTOSI,7,2017,118.1
SAN LUIS POTOSI,7,2018,27.4,664702.0,62989.0,SAN LUIS POTOSI,7,2018,25.1
SAN LUIS POTOSI,7,2019,27.7,701934.0,76848.0,SAN LUIS POTOSI,7,2019,34.5
SAN LUIS POTOSI,7,2020,28.4,887575.0,82109.0,SAN LUIS POTOSI,7,2020,96.2
SAN LUIS POTOSI,7,2021,25.9,1058358.0,76864.0,SAN LUIS POTOSI,7,2021,123.4
SAN LUIS POTOSI,8,2017,27.2,436923.0,49733.0,SAN LUIS POTOSI,8,2017,96.3
SAN LUIS POTOSI,8,2018,27.0,782483.0,75071.0,SAN LUIS POTOSI,8,2018,67.0
SAN LUIS POTOSI,8,2019,29.0,685250.0,74143.0,SAN LUIS POTOSI,8,2019,59.3
SAN LUIS POTOSI,8,2020,27.3,862150.0,77987.0,SAN LUIS POTOSI,8,2020,56.8
SAN LUIS POTOSI,8,2021,26.2,1041777.0,79894.0,SAN LUIS POTOSI,8,2021,103.4
SAN LUIS POTOSI,9,2017,25.0,452040.0,49247.0,SAN LUIS POTOSI,9,2017,145.0
SAN LUIS POTOSI,9,2018,26.5,833750.0,77790.0,SAN LUIS POTOSI,9,2018,164.1
SAN LUIS POTOSI,9,2019,26.8,663605.0,71184.0,SAN LUIS POTOSI,9,2019,86.6
SAN LUIS POTOSI,9,2020,25.9,829492.0,75688.0,SAN LUIS POTOSI,9,2020,81.3
SAN LUIS POTOSI,9,2021,25.3,1008321.0,75508.0,SAN LUIS POTOSI,9,2021,114.0
SAN LUIS POTOSI,10,2017,22.6,456092.0,44751.0,SAN LUIS POTOSI,10,2017,85.8
SAN LUIS POTOSI,10,2018,23.9,824991.0,75575.0,SAN LUIS POTOSI,10,2018,74.6
SAN LUIS POTOSI,10,2019,25.0,703746.0,73637.0,SAN LUIS POTOSI,10,2019,72.3
SAN LUIS POTOSI,10,2020,24.2,831894.0,76332.0,SAN LUIS POTOSI,10,2020,9.6
SAN LUIS POTOSI,10,2021,24.1,1038269.0,73168.0,SAN LUIS POTOSI,10,2021,58.5
SAN LUIS POTOSI,11,2017,21.5,475590.0,44542.0,SAN LUIS POTOSI,11,2017,1.4
SAN LUIS POTOSI,11,2018,19.9,790206.0,76355.0,SAN LUIS POTOSI,11,2018,30.9
SAN LUIS POTOSI,11,2019,21.2,719254.0,74505.0,SAN LUIS POTOSI,11,2019,24.5
SAN LUIS POTOSI,11,2020,22.3,770242.0,69717.0,SAN LUIS POTOSI,11,2020,15.6
SAN LUIS POTOSI,11,2021,20.3,953158.0,69792.0,SAN LUIS POTOSI,11,2021,11.9
SAN LUIS POTOSI,12,2017,17.7,624563.0,58641.0,SAN LUIS POTOSI,12,2017,9.1
SAN LUIS POTOSI,12,2018,18.1,910019.0,90364.0,SAN LUIS POTOSI,12,2018,5.5
SAN LUIS POTOSI,12,2019,19.1,817652.0,83813.0,SAN LUIS POTOSI,12,2019,16.1
SAN LUIS POTOSI,12,2020,17.6,922412.0,82486.0,SAN LUIS POTOSI,12,2020,2.8
SAN LUIS POTOSI,12,2021,20.7,978761.0,79736.0,SAN LUIS POTOSI,12,2021,3.8
SAN NICOLAS,1,2017,16.8,3963636.0,480295.0,SAN NICOLAS,1,2017,10.2
SAN NICOLAS,1,2018,12.3,5203984.0,505745.0,SAN NICOLAS,1,2018,16.5
SAN NICOLAS,1,2019,14.2,4294369.0,461763.0,SAN NICOLAS,1,2019,22.5
SAN NICOLAS,1,2020,16.2,4020948.0,489201.0,SAN NICOLAS,1,2020,13.0
SAN NICOLAS,1,2021,14.9,4520874.0,430680.0,SAN NICOLAS,1,2021,10.0
SAN NICOLAS,2,2017,20.4,3583295.0,420047.0,SAN NICOLAS,2,2017,7.4
SAN NICOLAS,2,2018,18.6,3767523.0,397834.0,SAN NICOLAS,2,2018,18.0
SAN NICOLAS,2,2019,18.2,3559033.0,390691.0,SAN NICOLAS,2,2019,2.8
SAN NICOLAS,2,2020,16.5,3718392.0,478330.0,SAN NICOLAS,2,2020,3.5
SAN NICOLAS,2,2021,16.3,5485117.0,503681.0,SAN NICOLAS,2,2021,6.4
SAN NICOLAS,3,2017,22.0,4143209.0,492314.0,SAN NICOLAS,3,2017,45.0
SAN NICOLAS,3,2018,21.5,3629948.0,387927.0,SAN NICOLAS,3,2018,3.6
SAN NICOLAS,3,2019,19.4,3946169.0,435197.0,SAN NICOLAS,3,2019,38.2
SAN NICOLAS,3,2020,22.9,3577985.0,461349.0,SAN NICOLAS,3,2020,15.2
SAN NICOLAS,3,2021,20.8,4451708.0,383214.0,SAN NICOLAS,3,2021,5.5
SAN NICOLAS,4,2017,23.8,3603282.0,441165.0,SAN NICOLAS,4,2017,50.6
SAN NICOLAS,4,2018,21.9,3363236.0,375098.0,SAN NICOLAS,4,2018,53.8
SAN NICOLAS,4,2019,22.7,3312977.0,380473.0,SAN NICOLAS,4,2019,13.9
SAN NICOLAS,4,2020,24.6,2844360.0,364125.0,SAN NICOLAS,4,2020,37.0
SAN NICOLAS,4,2021,24.1,4120817.0,371354.0,SAN NICOLAS,4,2021,22.6
SAN NICOLAS,5,2017,26.2,3763046.0,460786.0,SAN NICOLAS,5,2017,7.0
SAN NICOLAS,5,2018,26.1,3489497.0,355065.0,SAN NICOLAS,5,2018,47.9
SAN NICOLAS,5,2019,26.5,3151868.0,375476.0,SAN NICOLAS,5,2019,54.6
SAN NICOLAS,5,2020,26.0,3062852.0,360107.0,SAN NICOLAS,5,2020,80.5
SAN NICOLAS,5,2021,26.0,4007414.0,379388.0,SAN NICOLAS,5,2021,79.2
SAN NICOLAS,6,2017,28.3,3351892.0,413863.0,SAN NICOLAS,6,2017,45.6
SAN NICOLAS,6,2018,27.8,3354213.0,331155.0,SAN NICOLAS,6,2018,82.0
SAN NICOLAS,6,2019,28.2,2785492.0,357781.0,SAN NICOLAS,6,2019,75.9
SAN NICOLAS,6,2020,26.7,3149803.0,366524.0,SAN NICOLAS,6,2020,72.7
SAN NICOLAS,6,2021,26.9,3956502.0,354623.0,SAN NICOLAS,6,2021,90.1
SAN NICOLAS,7,2017,28.0,3358963.0,426708.0,SAN NICOLAS,7,2017,31.0
SAN NICOLAS,7,2018,28.1,3297436.0,326521.0,SAN NICOLAS,7,2018,37.8
SAN NICOLAS,7,2019,27.9,2776371.0,360253.0,SAN NICOLAS,7,2019,31.1
SAN NICOLAS,7,2020,28.3,3078204.0,366962.0,SAN NICOLAS,7,2020,171.4
SAN NICOLAS,7,2021,26.4,4377256.0,366131.0,SAN NICOLAS,7,2021,99.9
SAN NICOLAS,8,2017,28.6,3322510.0,397942.0,SAN NICOLAS,8,2017,40.6
SAN NICOLAS,8,2018,28.6,3337714.0,333278.0,SAN NICOLAS,8,2018,21.3
SAN NICOLAS,8,2019,29.8,2967711.0,386604.0,SAN NICOLAS,8,2019,31.0
SAN NICOLAS,8,2020,27.8,3260193.0,372649.0,SAN NICOLAS,8,2020,14.8
SAN NICOLAS,8,2021,27.5,4311487.0,382189.0,SAN NICOLAS,8,2021,43.2
SAN NICOLAS,9,2017,26.2,3451352.0,394442.0,SAN NICOLAS,9,2017,172.1
SAN NICOLAS,9,2018,25.9,3475901.0,329415.0,SAN NICOLAS,9,2018,226.9
SAN NICOLAS,9,2019,26.4,3160693.0,409166.0,SAN NICOLAS,9,2019,166.2
SAN NICOLAS,9,2020,24.7,3434049.0,375181.0,SAN NICOLAS,9,2020,102.8
SAN NICOLAS,9,2021,26.4,4369843.0,367182.0,SAN NICOLAS,9,2021,42.1
SAN NICOLAS,10,2017,21.6,4133678.0,418441.0,SAN NICOLAS,10,2017,64.9
SAN NICOLAS,10,2018,22.1,4119541.0,389593.0,SAN NICOLAS,10,2018,46.6
SAN NICOLAS,10,2019,23.4,3537382.0,440983.0,SAN NICOLAS,10,2019,28.6
SAN NICOLAS,10,2020,22.5,3667649.0,396001.0,SAN NICOLAS,10,2020,2.7
SAN NICOLAS,10,2021,23.7,5417601.0,409347.0,SAN NICOLAS,10,2021,46.1
SAN NICOLAS,11,2017,19.6,4108212.0,401168.0,SAN NICOLAS,11,2017,7.8
SAN NICOLAS,11,2018,16.3,4383324.0,443214.0,SAN NICOLAS,11,2018,14.2
SAN NICOLAS,11,2019,18.3,4166182.0,503105.0,SAN NICOLAS,11,2019,26.7
SAN NICOLAS,11,2020,20.2,3712808.0,401944.0,SAN NICOLAS,11,2020,3.8
SAN NICOLAS,11,2021,18.6,5770930.0,422343.0,SAN NICOLAS,11,2021,40.4
SAN NICOLAS,12,2017,14.6,5323167.0,522769.0,SAN NICOLAS,12,2017,34.2
SAN NICOLAS,12,2018,14.8,4433409.0,464131.0,SAN NICOLAS,12,2018,16.6
SAN NICOLAS,12,2019,16.2,4578066.0,541075.0,SAN NICOLAS,12,2019,7.5
SAN NICOLAS,12,2020,14.3,4602974.0,489686.0,SAN NICOLAS,12,2020,8.0
SAN NICOLAS,12,2021,19.0,5671409.0,448734.0,SAN NICOLAS,12,2021,12.0
SAN RAFAEL,1,2017,16.8,224898.0,26015.0,SAN RAFAEL,1,2017,10.2
SAN RAFAEL,1,2018,12.3,200975.0,18853.0,SAN RAFAEL,1,2018,16.5
SAN RAFAEL,1,2019,14.2,171918.0,17000.0,SAN RAFAEL,1,2019,22.5
SAN RAFAEL,2,2017,20.4,202490.0,22913.0,SAN RAFAEL,2,2017,7.4
SAN RAFAEL,2,2018,18.6,177320.0,17171.0,SAN RAFAEL,2,2018,18.0
SAN RAFAEL,2,2019,18.2,155943.0,15313.0,SAN RAFAEL,2,2019,2.8
SAN RAFAEL,3,2017,22.0,229588.0,25562.0,SAN RAFAEL,3,2017,45.0
SAN RAFAEL,3,2018,21.5,224626.0,22410.0,SAN RAFAEL,3,2018,3.6
SAN RAFAEL,3,2019,19.4,192131.0,19385.0,SAN RAFAEL,3,2019,38.2
SAN RAFAEL,4,2017,23.8,260588.0,28866.0,SAN RAFAEL,4,2017,50.6
SAN RAFAEL,4,2018,21.9,193226.0,19769.0,SAN RAFAEL,4,2018,53.8
SAN RAFAEL,4,2019,22.7,198969.0,20226.0,SAN RAFAEL,4,2019,13.9
SAN RAFAEL,5,2017,26.2,257663.0,29171.0,SAN RAFAEL,5,2017,7.0
SAN RAFAEL,5,2018,26.1,185401.0,17399.0,SAN RAFAEL,5,2018,47.9
SAN RAFAEL,5,2019,26.5,144071.0,16292.0,SAN RAFAEL,5,2019,54.6
SAN RAFAEL,6,2017,28.3,226560.0,25849.0,SAN RAFAEL,6,2017,45.6
SAN RAFAEL,6,2018,27.8,167807.0,15322.0,SAN RAFAEL,6,2018,82.0
SAN RAFAEL,6,2019,28.2,147193.0,18199.0,SAN RAFAEL,6,2019,75.9
SAN RAFAEL,7,2017,28.0,220716.0,24649.0,SAN RAFAEL,7,2017,31.0
SAN RAFAEL,7,2018,28.1,186196.0,17759.0,SAN RAFAEL,7,2018,37.8
SAN RAFAEL,7,2019,27.9,144883.0,17814.0,SAN RAFAEL,7,2019,31.1
SAN RAFAEL,8,2017,28.6,234425.0,25705.0,SAN RAFAEL,8,2017,40.6
SAN RAFAEL,8,2018,28.6,190034.0,19399.0,SAN RAFAEL,8,2018,21.3
SAN RAFAEL,8,2019,29.8,173712.0,21610.0,SAN RAFAEL,8,2019,31.0
SAN RAFAEL,9,2017,26.2,221812.0,23571.0,SAN RAFAEL,9,2017,172.1
SAN RAFAEL,9,2018,25.9,170800.0,16343.0,SAN RAFAEL,9,2018,226.9
SAN RAFAEL,9,2019,26.4,170507.0,21133.0,SAN RAFAEL,9,2019,166.2
SAN RAFAEL,10,2017,21.6,229313.0,22719.0,SAN RAFAEL,10,2017,64.9
SAN RAFAEL,10,2018,22.1,207322.0,19540.0,SAN RAFAEL,10,2018,46.6
SAN RAFAEL,10,2019,23.4,173746.0,20731.0,SAN RAFAEL,10,2019,28.6
SAN RAFAEL,11,2017,19.6,235964.0,22937.0,SAN RAFAEL,11,2017,7.8
SAN RAFAEL,11,2018,16.3,207956.0,20168.0,SAN RAFAEL,11,2018,14.2
SAN RAFAEL,11,2019,18.3,182602.0,21122.0,SAN RAFAEL,11,2019,26.7
SAN RAFAEL,12,2017,14.6,252901.0,24264.0,SAN RAFAEL,12,2017,34.2
SAN RAFAEL,12,2018,14.8,229043.0,22592.0,SAN RAFAEL,12,2018,16.6
SAN RAFAEL,12,2019,16.2,199821.0,22699.0,SAN RAFAEL,12,2019,7.5
SANTA CATARINA,1,2017,16.8,912384.0,111078.0,SANTA CATARINA,1,2017,10.2
SANTA CATARINA,1,2018,12.3,1112322.0,110091.0,SANTA CATARINA,1,2018,16.5
SANTA CATARINA,1,2019,14.2,1021255.0,109701.0,SANTA CATARINA,1,2019,22.5
SANTA CATARINA,1,2020,16.2,860281.0,104120.0,SANTA CATARINA,1,2020,13.0
SANTA CATARINA,1,2021,14.9,1047036.0,97471.0,SANTA CATARINA,1,2021,10.0
SANTA CATARINA,2,2017,20.4,815489.0,96150.0,SANTA CATARINA,2,2017,7.4
SANTA CATARINA,2,2018,18.6,970315.0,104654.0,SANTA CATARINA,2,2018,18.0
SANTA CATARINA,2,2019,18.2,847492.0,92680.0,SANTA CATARINA,2,2019,2.8
SANTA CATARINA,2,2020,16.5,806786.0,104114.0,SANTA CATARINA,2,2020,3.5
SANTA CATARINA,2,2021,16.3,1285403.0,116435.0,SANTA CATARINA,2,2021,6.4
SANTA CATARINA,3,2017,22.0,862677.0,102665.0,SANTA CATARINA,3,2017,45.0
SANTA CATARINA,3,2018,21.5,947617.0,103390.0,SANTA CATARINA,3,2018,3.6
SANTA CATARINA,3,2019,19.4,951525.0,104912.0,SANTA CATARINA,3,2019,38.2
SANTA CATARINA,3,2020,22.9,808780.0,104796.0,SANTA CATARINA,3,2020,15.2
SANTA CATARINA,3,2021,20.8,1051615.0,88727.0,SANTA CATARINA,3,2021,5.5
SANTA CATARINA,4,2017,23.8,779578.0,95581.0,SANTA CATARINA,4,2017,50.6
SANTA CATARINA,4,2018,21.9,819784.0,93434.0,SANTA CATARINA,4,2018,53.8
SANTA CATARINA,4,2019,22.7,790711.0,91055.0,SANTA CATARINA,4,2019,13.9
SANTA CATARINA,4,2020,24.6,722056.0,92382.0,SANTA CATARINA,4,2020,37.0
SANTA CATARINA,4,2021,24.1,1049221.0,91658.0,SANTA CATARINA,4,2021,22.6
SANTA CATARINA,5,2017,26.2,913625.0,111999.0,SANTA CATARINA,5,2017,7.0
SANTA CATARINA,5,2018,26.1,878348.0,91337.0,SANTA CATARINA,5,2018,47.9
SANTA CATARINA,5,2019,26.5,733662.0,87445.0,SANTA CATARINA,5,2019,54.6
SANTA CATARINA,5,2020,26.0,743592.0,86971.0,SANTA CATARINA,5,2020,80.5
SANTA CATARINA,5,2021,26.0,1006135.0,90846.0,SANTA CATARINA,5,2021,79.2
SANTA CATARINA,6,2017,28.3,780915.0,96929.0,SANTA CATARINA,6,2017,45.6
SANTA CATARINA,6,2018,27.8,766912.0,77444.0,SANTA CATARINA,6,2018,82.0
SANTA CATARINA,6,2019,28.2,619722.0,79946.0,SANTA CATARINA,6,2019,75.9
SANTA CATARINA,6,2020,26.7,753615.0,85943.0,SANTA CATARINA,6,2020,72.7
SANTA CATARINA,6,2021,26.9,959546.0,81721.0,SANTA CATARINA,6,2021,90.1
SANTA CATARINA,7,2017,28.0,786002.0,100142.0,SANTA CATARINA,7,2017,31.0
SANTA CATARINA,7,2018,28.1,741877.0,74784.0,SANTA CATARINA,7,2018,37.8
SANTA CATARINA,7,2019,27.9,625199.0,81976.0,SANTA CATARINA,7,2019,31.1
SANTA CATARINA,7,2020,28.3,740503.0,84511.0,SANTA CATARINA,7,2020,171.4
SANTA CATARINA,7,2021,26.4,1009703.0,80366.0,SANTA CATARINA,7,2021,99.9
SANTA CATARINA,8,2017,28.6,761089.0,92100.0,SANTA CATARINA,8,2017,40.6
SANTA CATARINA,8,2018,28.6,754717.0,76467.0,SANTA CATARINA,8,2018,21.3
SANTA CATARINA,8,2019,29.8,620629.0,80834.0,SANTA CATARINA,8,2019,31.0
SANTA CATARINA,8,2020,27.8,745872.0,82770.0,SANTA CATARINA,8,2020,14.8
SANTA CATARINA,8,2021,27.5,984478.0,87097.0,SANTA CATARINA,8,2021,43.2
SANTA CATARINA,9,2017,26.2,789748.0,90441.0,SANTA CATARINA,9,2017,172.1
SANTA CATARINA,9,2018,25.9,847189.0,81515.0,SANTA CATARINA,9,2018,226.9
SANTA CATARINA,9,2019,26.4,672128.0,87271.0,SANTA CATARINA,9,2019,166.2
SANTA CATARINA,9,2020,24.7,789099.0,85587.0,SANTA CATARINA,9,2020,102.8
SANTA CATARINA,9,2021,26.4,1042620.0,87060.0,SANTA CATARINA,9,2021,42.1
SANTA CATARINA,10,2017,21.6,954808.0,97583.0,SANTA CATARINA,10,2017,64.9
SANTA CATARINA,10,2018,22.1,1078746.0,104523.0,SANTA CATARINA,10,2018,46.6
SANTA CATARINA,10,2019,23.4,778421.0,97537.0,SANTA CATARINA,10,2019,28.6
SANTA CATARINA,10,2020,22.5,865865.0,92729.0,SANTA CATARINA,10,2020,2.7
SANTA CATARINA,10,2021,23.7,1296741.0,97267.0,SANTA CATARINA,10,2021,46.1
SANTA CATARINA,11,2017,19.6,969425.0,96047.0,SANTA CATARINA,11,2017,7.8
SANTA CATARINA,11,2018,16.3,1097099.0,113744.0,SANTA CATARINA,11,2018,14.2
SANTA CATARINA,11,2019,18.3,880671.0,105729.0,SANTA CATARINA,11,2019,26.7
SANTA CATARINA,11,2020,20.2,872885.0,92693.0,SANTA CATARINA,11,2020,3.8
SANTA CATARINA,11,2021,18.6,1522914.0,110724.0,SANTA CATARINA,11,2021,40.4
SANTA CATARINA,12,2017,14.6,1165326.0,116442.0,SANTA CATARINA,12,2017,34.2
SANTA CATARINA,12,2018,14.8,1086217.0,114805.0,SANTA CATARINA,12,2018,16.6
SANTA CATARINA,12,2019,16.2,930632.0,109728.0,SANTA CATARINA,12,2019,7.5
SANTA CATARINA,12,2020,14.3,1036706.0,107991.0,SANTA CATARINA,12,2020,8.0
SANTA CATARINA,12,2021,19.0,1374997.0,108538.0,SANTA CATARINA,12,2021,12.0
SOTO LA MARINA,1,2017,20.3,232096.0,28228.0,SOTO LA MARINA,1,2017,8.3
SOTO LA MARINA,1,2018,15.1,310489.0,28720.0,SOTO LA MARINA,1,2018,27.3
SOTO LA MARINA,1,2019,17.4,256595.0,24821.0,SOTO LA MARINA,1,2019,25.2
SOTO LA MARINA,1,2020,19.5,237366.0,25705.0,SOTO LA MARINA,1,2020,19.9
SOTO LA MARINA,1,2021,18.4,202667.0,19603.0,SOTO LA MARINA,1,2021,17.3
SOTO LA MARINA,2,2017,23.2,223212.0,26543.0,SOTO LA MARINA,2,2017,14.9
SOTO LA MARINA,2,2018,22.0,270271.0,25950.0,SOTO LA MARINA,2,2018,12.4
SOTO LA MARINA,2,2019,21.0,217779.0,21933.0,SOTO LA MARINA,2,2019,7.5
SOTO LA MARINA,2,2020,19.1,232227.0,25324.0,SOTO LA MARINA,2,2020,3.1
SOTO LA MARINA,2,2021,18.3,210146.0,19125.0,SOTO LA MARINA,2,2021,13.3
SOTO LA MARINA,3,2017,24.1,241978.0,28078.0,SOTO LA MARINA,3,2017,36.2
SOTO LA MARINA,3,2018,23.9,323529.0,33427.0,SOTO LA MARINA,3,2018,12.2
SOTO LA MARINA,3,2019,22.2,233794.0,23575.0,SOTO LA MARINA,3,2019,36.2
SOTO LA MARINA,3,2020,25.2,228382.0,24855.0,SOTO LA MARINA,3,2020,12.9
SOTO LA MARINA,3,2021,23.0,265415.0,22545.0,SOTO LA MARINA,3,2021,10.5
SOTO LA MARINA,4,2017,26.0,267054.0,30623.0,SOTO LA MARINA,4,2017,57.9
SOTO LA MARINA,4,2018,24.5,291309.0,31030.0,SOTO LA MARINA,4,2018,79.0
SOTO LA MARINA,4,2019,25.1,266748.0,27449.0,SOTO LA MARINA,4,2019,10.1
SOTO LA MARINA,4,2020,27.7,215882.0,23347.0,SOTO LA MARINA,4,2020,35.9
SOTO LA MARINA,4,2021,26.3,255434.0,21839.0,SOTO LA MARINA,4,2021,16.5
SOTO LA MARINA,5,2017,28.1,250266.0,28740.0,SOTO LA MARINA,5,2017,70.8
SOTO LA MARINA,5,2018,28.0,316214.0,31135.0,SOTO LA MARINA,5,2018,62.6
SOTO LA MARINA,5,2019,29.3,232936.0,24554.0,SOTO LA MARINA,5,2019,50.7
SOTO LA MARINA,5,2020,28.2,248267.0,25814.0,SOTO LA MARINA,5,2020,120.0
SOTO LA MARINA,5,2021,28.2,318114.0,28009.0,SOTO LA MARINA,5,2021,99.9
SOTO LA MARINA,6,2017,29.9,239661.0,28203.0,SOTO LA MARINA,6,2017,61.7
SOTO LA MARINA,6,2018,29.3,283681.0,27301.0,SOTO LA MARINA,6,2018,124.7
SOTO LA MARINA,6,2019,30.4,213762.0,24748.0,SOTO LA MARINA,6,2019,132.0
SOTO LA MARINA,6,2020,28.7,227346.0,23038.0,SOTO LA MARINA,6,2020,117.3
SOTO LA MARINA,6,2021,28.7,243498.0,20339.0,SOTO LA MARINA,6,2021,116.5
SOTO LA MARINA,7,2017,29.1,270014.0,32662.0,SOTO LA MARINA,7,2017,79.0
SOTO LA MARINA,7,2018,30.0,252782.0,24276.0,SOTO LA MARINA,7,2018,26.2
SOTO LA MARINA,7,2019,30.0,220692.0,25476.0,SOTO LA MARINA,7,2019,38.0
SOTO LA MARINA,7,2020,30.2,217929.0,22165.0,SOTO LA MARINA,7,2020,128.5
SOTO LA MARINA,7,2021,28.6,239082.0,18795.0,SOTO LA MARINA,7,2021,168.8
SOTO LA MARINA,8,2017,30.2,295793.0,34538.0,SOTO LA MARINA,8,2017,68.3
SOTO LA MARINA,8,2018,30.1,257369.0,24849.0,SOTO LA MARINA,8,2018,29.4
SOTO LA MARINA,8,2019,31.6,213340.0,24549.0,SOTO LA MARINA,8,2019,19.9
SOTO LA MARINA,8,2020,29.4,200279.0,20303.0,SOTO LA MARINA,8,2020,53.2
SOTO LA MARINA,8,2021,29.7,236831.0,19525.0,SOTO LA MARINA,8,2021,52.5
SOTO LA MARINA,9,2017,28.1,285655.0,31483.0,SOTO LA MARINA,9,2017,129.2
SOTO LA MARINA,9,2018,28.6,209672.0,19842.0,SOTO LA MARINA,9,2018,203.5
SOTO LA MARINA,9,2019,28.8,214373.0,23865.0,SOTO LA MARINA,9,2019,142.2
SOTO LA MARINA,9,2020,27.4,188972.0,19202.0,SOTO LA MARINA,9,2020,105.9
SOTO LA MARINA,9,2021,28.5,253751.0,19437.0,SOTO LA MARINA,9,2021,97.4
SOTO LA MARINA,10,2017,24.2,351217.0,35291.0,SOTO LA MARINA,10,2017,113.9
SOTO LA MARINA,10,2018,24.9,267020.0,25077.0,SOTO LA MARINA,10,2018,75.3
SOTO LA MARINA,10,2019,25.6,224568.0,25111.0,SOTO LA MARINA,10,2019,78.7
SOTO LA MARINA,10,2020,25.4,215949.0,22330.0,SOTO LA MARINA,10,2020,17.6
SOTO LA MARINA,10,2021,26.1,294700.0,20779.0,SOTO LA MARINA,10,2021,81.5
SOTO LA MARINA,11,2017,22.7,351712.0,33723.0,SOTO LA MARINA,11,2017,12.2
SOTO LA MARINA,11,2018,19.4,262213.0,25684.0,SOTO LA MARINA,11,2018,18.4
SOTO LA MARINA,11,2019,20.4,241534.0,26166.0,SOTO LA MARINA,11,2019,25.9
SOTO LA MARINA,11,2020,23.2,203121.0,21209.0,SOTO LA MARINA,11,2020,10.4
SOTO LA MARINA,11,2021,21.6,320808.0,22739.0,SOTO LA MARINA,11,2021,53.5
SOTO LA MARINA,12,2017,18.4,381146.0,35966.0,SOTO LA MARINA,12,2017,14.2
SOTO LA MARINA,12,2018,17.9,292597.0,28460.0,SOTO LA MARINA,12,2018,6.9
SOTO LA MARINA,12,2019,19.1,266122.0,28441.0,SOTO LA MARINA,12,2019,12.7
SOTO LA MARINA,12,2020,17.9,233523.0,24152.0,SOTO LA MARINA,12,2020,6.5
SOTO LA MARINA,12,2021,22.2,324083.0,25809.0,SOTO LA MARINA,12,2021,12.6
TAMPICO,1,2017,20.3,2313711.0,272620.0,TAMPICO,1,2017,8.3
TAMPICO,1,2018,15.1,3795369.0,349248.0,TAMPICO,1,2018,27.3
TAMPICO,1,2019,17.4,3033130.0,327237.0,TAMPICO,1,2019,25.2
TAMPICO,1,2020,19.5,2999507.0,321282.0,TAMPICO,1,2020,19.9
TAMPICO,1,2021,18.4,2612693.0,228957.0,TAMPICO,1,2021,17.3
TAMPICO,2,2017,23.2,2046706.0,233840.0,TAMPICO,2,2017,14.9
TAMPICO,2,2018,22.0,3157870.0,310715.0,TAMPICO,2,2018,12.4
TAMPICO,2,2019,21.0,2646593.0,287178.0,TAMPICO,2,2019,7.5
TAMPICO,2,2020,19.1,3042660.0,331406.0,TAMPICO,2,2020,3.1
TAMPICO,2,2021,18.3,2616021.0,222958.0,TAMPICO,2,2021,13.3
TAMPICO,3,2017,24.1,2319852.0,259198.0,TAMPICO,3,2017,36.2
TAMPICO,3,2018,23.9,3409291.0,338892.0,TAMPICO,3,2018,12.2
TAMPICO,3,2019,22.2,2962279.0,325893.0,TAMPICO,3,2019,36.2
TAMPICO,3,2020,25.2,3107010.0,333619.0,TAMPICO,3,2020,12.9
TAMPICO,3,2021,23.0,2587677.0,210138.0,TAMPICO,3,2021,10.5
TAMPICO,4,2017,26.0,2162558.0,241898.0,TAMPICO,4,2017,57.9
TAMPICO,4,2018,24.5,3104190.0,315315.0,TAMPICO,4,2018,79.0
TAMPICO,4,2019,25.1,2617810.0,298047.0,TAMPICO,4,2019,10.1
TAMPICO,4,2020,27.7,2428813.0,265955.0,TAMPICO,4,2020,35.9
TAMPICO,4,2021,26.3,2304308.0,192359.0,TAMPICO,4,2021,16.5
TAMPICO,5,2017,28.1,2443363.0,270550.0,TAMPICO,5,2017,70.8
TAMPICO,5,2018,28.0,3003604.0,288720.0,TAMPICO,5,2018,62.6
TAMPICO,5,2019,29.3,2380000.0,275389.0,TAMPICO,5,2019,50.7
TAMPICO,5,2020,28.2,2403180.0,253397.0,TAMPICO,5,2020,120.0
TAMPICO,5,2021,28.2,2207135.0,187953.0,TAMPICO,5,2021,99.9
TAMPICO,6,2017,29.9,2422157.0,264313.0,TAMPICO,6,2017,61.7
TAMPICO,6,2018,29.3,2863477.0,270415.0,TAMPICO,6,2018,124.7
TAMPICO,6,2019,30.4,2290013.0,274056.0,TAMPICO,6,2019,132.0
TAMPICO,6,2020,28.7,1860926.0,186907.0,TAMPICO,6,2020,117.3
TAMPICO,6,2021,28.7,2182504.0,176757.0,TAMPICO,6,2021,116.5
TAMPICO,7,2017,29.1,2557843.0,284386.0,TAMPICO,7,2017,79.0
TAMPICO,7,2018,30.0,2671383.0,252488.0,TAMPICO,7,2018,26.2
TAMPICO,7,2019,30.0,2317648.0,265754.0,TAMPICO,7,2019,38.0
TAMPICO,7,2020,30.2,1868390.0,185342.0,TAMPICO,7,2020,128.5
TAMPICO,7,2021,28.6,2284076.0,173936.0,TAMPICO,7,2021,168.8
TAMPICO,8,2017,30.2,2623703.0,277502.0,TAMPICO,8,2017,68.3
TAMPICO,8,2018,30.1,2706941.0,258719.0,TAMPICO,8,2018,29.4
TAMPICO,8,2019,31.6,2241195.0,256719.0,TAMPICO,8,2019,19.9
TAMPICO,8,2020,29.4,1862563.0,182586.0,TAMPICO,8,2020,53.2
TAMPICO,8,2021,29.7,2175738.0,169842.0,TAMPICO,8,2021,52.5
TAMPICO,9,2017,28.1,2942459.0,301162.0,TAMPICO,9,2017,129.2
TAMPICO,9,2018,28.6,2734914.0,255028.0,TAMPICO,9,2018,203.5
TAMPICO,9,2019,28.8,2377401.0,264638.0,TAMPICO,9,2019,142.2
TAMPICO,9,2020,27.4,1908528.0,189028.0,TAMPICO,9,2020,105.9
TAMPICO,9,2021,28.5,2195630.0,162110.0,TAMPICO,9,2021,97.4
TAMPICO,10,2017,24.2,3268854.0,313876.0,TAMPICO,10,2017,113.9
TAMPICO,10,2018,24.9,3216114.0,302059.0,TAMPICO,10,2018,75.3
TAMPICO,10,2019,25.6,2637700.0,286401.0,TAMPICO,10,2019,78.7
TAMPICO,10,2020,25.4,2151310.0,209644.0,TAMPICO,10,2020,17.6
TAMPICO,10,2021,26.1,2449314.0,165694.0,TAMPICO,10,2021,81.5
TAMPICO,11,2017,22.7,3301521.0,306598.0,TAMPICO,11,2017,12.2
TAMPICO,11,2018,19.4,3202981.0,322358.0,TAMPICO,11,2018,18.4
TAMPICO,11,2019,20.4,3004963.0,318505.0,TAMPICO,11,2019,25.9
TAMPICO,11,2020,23.2,2199691.0,211859.0,TAMPICO,11,2020,10.4
TAMPICO,11,2021,21.6,2625142.0,180882.0,TAMPICO,11,2021,53.5
TAMPICO,12,2017,18.4,4270613.0,397088.0,TAMPICO,12,2017,14.2
TAMPICO,12,2018,17.9,3473510.0,363936.0,TAMPICO,12,2018,6.9
TAMPICO,12,2019,19.1,3392118.0,353631.0,TAMPICO,12,2019,12.7
TAMPICO,12,2020,17.9,2773624.0,262852.0,TAMPICO,12,2020,6.5
TAMPICO,12,2021,22.2,2726534.0,212424.0,TAMPICO,12,2021,12.6
VARAGAS,1,2020,14.3,1097558.0,118391.0,VARAGAS,1,2020,11.3
VARAGAS,1,2021,13.5,1260954.0,133128.0,VARAGAS,1,2021,3.5
VARAGAS,2,2020,15.6,972064.0,116429.0,VARAGAS,2,2020,2.8
VARAGAS,2,2021,15.5,1241994.0,120566.0,VARAGAS,2,2021,4.6
VARAGAS,3,2020,22.1,935803.0,124208.0,VARAGAS,3,2020,21.6
VARAGAS,3,2021,19.8,1242601.0,114777.0,VARAGAS,3,2021,0.2
VARAGAS,4,2020,23.9,827229.0,109777.0,VARAGAS,4,2020,7.3
VARAGAS,4,2021,23.0,1197444.0,109208.0,VARAGAS,4,2021,10.9
VARAGAS,5,2020,26.8,822918.0,111877.0,VARAGAS,5,2020,30.5
VARAGAS,5,2021,26.2,1200031.0,110193.0,VARAGAS,5,2021,37.3
VARAGAS,6,2020,27.9,874446.0,119308.0,VARAGAS,6,2020,23.8
VARAGAS,6,2021,28.1,1154594.0,105027.0,VARAGAS,6,2021,34.1
VARAGAS,7,2020,29.2,897568.0,123459.0,VARAGAS,7,2020,44.5
VARAGAS,7,2021,27.5,1231968.0,103093.0,VARAGAS,7,2021,55.7
VARAGAS,8,2020,28.5,952088.0,118352.0,VARAGAS,8,2020,6.0
VARAGAS,8,2021,27.8,1240103.0,105277.0,VARAGAS,8,2021,43.0
VARAGAS,9,2020,24.2,930832.0,116491.0,VARAGAS,9,2020,63.8
VARAGAS,9,2021,26.6,1242149.0,97997.0,VARAGAS,9,2021,24.1
VARAGAS,10,2020,22.5,1049554.0,130075.0,VARAGAS,10,2020,0.4
VARAGAS,10,2021,23.6,1396606.0,103978.0,VARAGAS,10,2021,12.0
VARAGAS,11,2020,19.4,1053037.0,128384.0,VARAGAS,11,2020,2.8
VARAGAS,11,2021,18.3,1441413.0,107202.0,VARAGAS,11,2021,16.2
VARAGAS,12,2020,13.3,1303629.0,153967.0,VARAGAS,12,2020,12.4
VARAGAS,12,2021,18.8,1486852.0,122506.0,VARAGAS,12,2021,5.0
